img_link,tags,likes,comments,img_id,img_path
https://cdn.pixabay.com/photo/2022/03/06/05/30/clouds-7050884__480.jpg,"Clouds, Sky, Atmosphere, Blue Sky",196,55,A00000001,Imgs/A00000001.jpg
https://cdn.pixabay.com/photo/2022/04/07/11/45/bird-7117346__340.jpg,"Bird, Ornithology, Hummingbird",76,20,A00000002,Imgs/A00000002.jpg
https://cdn.pixabay.com/photo/2022/02/28/15/28/sea-7039471__340.jpg,"Sea, Rainbow, Rainfall, Subtropical",282,106,A00000003,Imgs/A00000003.jpg
https://cdn.pixabay.com/photo/2022/04/04/02/52/cherry-blossoms-7110279__340.jpg,"Cherry Blossoms, Road, Japan, Sakura",42,11,A00000004,Imgs/A00000004.jpg
https://cdn.pixabay.com/photo/2022/04/09/18/06/cape-marguerite-7121992__340.jpg,"Cape Marguerite, Flower, Plant",39,15,A00000005,Imgs/A00000005.jpg
https://cdn.pixabay.com/photo/2021/11/13/23/06/tree-6792528__340.jpg,Relaxing Rest Under The Tree,522,108,A00000006,Imgs/A00000006.jpg
https://cdn.pixabay.com/photo/2022/04/07/02/56/cottontail-rabbit-7116707__340.jpg,"Cottontail Rabbit, Wild Rabbit, Grass",51,10,A00000007,Imgs/A00000007.jpg
https://cdn.pixabay.com/photo/2022/03/19/21/11/crocus-7079550__340.jpg,"Crocus, Flowers, Spring, Plant",135,44,A00000008,Imgs/A00000008.jpg
https://cdn.pixabay.com/photo/2022/04/09/17/30/coffee-7121939__340.jpg,"Coffee, Caf√©, Vacation, Drink, Table",26,5,A00000009,Imgs/A00000009.jpg
https://cdn.pixabay.com/photo/2022/03/25/19/24/waterfall-7091641__340.jpg,"Waterfall, Fall, Epic, Nature, Light",96,21,A00000010,Imgs/A00000010.jpg
https://cdn.pixabay.com/photo/2021/08/25/20/42/field-6574455__340.jpg,"Field, Morning, Sunrise, Dawn, Nature",807,131,A00000011,Imgs/A00000011.jpg
https://cdn.pixabay.com/photo/2022/04/04/18/03/bird-7111988__340.jpg,"Bird, Robin, Birdwatching, Animal",69,19,A00000012,Imgs/A00000012.jpg
https://cdn.pixabay.com/photo/2022/04/04/07/58/seedlings-7110591__340.jpg,"Seedlings, Soil, Spring Flowers, Bloom",42,9,A00000013,Imgs/A00000013.jpg
https://cdn.pixabay.com/photo/2022/03/23/21/27/road-7087957__340.jpg,"Road, Highway, Countryside, Hills",53,14,A00000014,Imgs/A00000014.jpg
https://cdn.pixabay.com/photo/2022/03/27/15/03/cityscape-7095358__340.jpg,"Cityscape, Monochrome, Bridge, City",45,13,A00000015,Imgs/A00000015.jpg
https://cdn.pixabay.com/photo/2022/03/25/17/54/sakura-7091532__340.jpg,"Sakura, Cherry Blossoms, Spring, Water",70,12,A00000016,Imgs/A00000016.jpg
https://cdn.pixabay.com/photo/2022/04/01/19/03/background-7105471__480.jpg,"Background, Easter, Eggs, Template, Art",5,2,A00000017,Imgs/A00000017.jpg
https://cdn.pixabay.com/photo/2022/01/31/12/46/bird-6983434__340.jpg,"Bird, Indian Chat, Ornithology, Species",171,53,A00000018,Imgs/A00000018.jpg
https://cdn.pixabay.com/photo/2022/01/18/16/49/town-6947538__340.jpg,"Town, Night, Winter, Village, Season",109,15,A00000019,Imgs/A00000019.jpg
https://cdn.pixabay.com/photo/2022/04/09/17/42/flower-7121955__340.jpg,"Flower, Viola, Pansy, Blossom, Bloom",55,36,A00000020,Imgs/A00000020.jpg
https://cdn.pixabay.com/photo/2021/08/30/21/29/port-6587129__340.jpg,"Port, Lake, Architecture, Vacations",276,49,A00000021,Imgs/A00000021.jpg
https://cdn.pixabay.com/photo/2022/03/16/02/03/sunflowers-7071449__340.jpg,"Sunflowers, Flowers, Plant",54,21,A00000022,Imgs/A00000022.jpg
https://cdn.pixabay.com/photo/2022/03/28/18/41/coffee-7098126__340.jpg,"Coffee, Spring, Flowers, Morning",40,10,A00000023,Imgs/A00000023.jpg
https://cdn.pixabay.com/photo/2022/02/12/06/21/roys-peak-7008528__340.jpg,"Roys Peak, Wanaka, Lake, Mountains",69,19,A00000024,Imgs/A00000024.jpg
https://cdn.pixabay.com/photo/2021/11/21/21/14/mountain-6815304__340.jpg,"Thank you, everyone. Thank you for many downloads and likes.",197,0,A00000025,Imgs/A00000025.jpg
https://cdn.pixabay.com/photo/2021/08/22/15/48/nature-6565499__340.jpg,"Nature, Beach, Outdoors, Exploration",272,150,A00000026,Imgs/A00000026.jpg
https://cdn.pixabay.com/photo/2022/03/03/11/18/nature-7045125__340.jpg,The Danish West Coast of Jutland. Shot during sunset.,48,11,A00000027,Imgs/A00000027.jpg
https://cdn.pixabay.com/photo/2022/03/16/21/01/gentoo-penguin-7073391__340.jpg,"Gentoo Penguin, Penguin, Bird, Animal",93,22,A00000028,Imgs/A00000028.jpg
https://cdn.pixabay.com/photo/2021/11/26/20/45/lantern-6826698__340.jpg,"Lantern, Sea, Heaven, Beach, Water, Tree",243,31,A00000029,Imgs/A00000029.jpg
https://cdn.pixabay.com/photo/2022/04/03/05/03/easter-7108066__340.jpg,"Easter, Spring, Easter Bunny",17,10,A00000030,Imgs/A00000030.jpg
https://cdn.pixabay.com/photo/2018/01/14/23/12/nature-3082832__340.jpg,green trees on brown rock formation on lake during daytime,3098,495,A00000031,Imgs/A00000031.jpg
https://cdn.pixabay.com/photo/2022/02/27/19/46/tourist-attraction-7037967__340.jpg,"Tourist Attraction, Eiffel Tower, Travel",83,21,A00000032,Imgs/A00000032.jpg
https://cdn.pixabay.com/photo/2022/04/07/22/23/menhir-7118382__480.jpg,"Menhir, Stones, Clouds, Standing Stones",64,49,A00000033,Imgs/A00000033.jpg
https://cdn.pixabay.com/photo/2022/01/13/18/05/road-6935773__340.jpg,"Road, Trees, Winter, Frost, Snow, Path",133,24,A00000034,Imgs/A00000034.jpg
https://cdn.pixabay.com/photo/2022/04/10/07/03/bird-7122753__340.jpg,"Bird, Woodpecker",28,20,A00000035,Imgs/A00000035.jpg
https://cdn.pixabay.com/photo/2021/11/25/19/50/tape-6824489__340.jpg,"Tape, Cassette, Music, Retro, Classic",134,20,A00000036,Imgs/A00000036.jpg
https://cdn.pixabay.com/photo/2022/01/10/15/29/wind-mills-6928590__340.jpg,"Wind Mills, Energy, Clouds, Power",144,101,A00000037,Imgs/A00000037.jpg
https://cdn.pixabay.com/photo/2022/02/15/07/27/travel-7014427__340.jpg,"Travel, Tourism, Square, Tartini, Piran",70,19,A00000038,Imgs/A00000038.jpg
https://cdn.pixabay.com/photo/2022/04/11/04/33/easter-eggs-7124718__340.jpg,"Easter Eggs, Colored Eggs, Nest, Eggs",29,0,A00000039,Imgs/A00000039.jpg
https://cdn.pixabay.com/photo/2022/02/07/22/27/winter-7000429__340.jpg,"Winter, Season, Nature, Outdoors, Travel",111,24,A00000040,Imgs/A00000040.jpg
https://cdn.pixabay.com/photo/2022/04/11/09/40/glacier-7125386__340.jpg,"Glacier, Dying Glaciers, Melting Glacier",36,27,A00000041,Imgs/A00000041.jpg
https://cdn.pixabay.com/photo/2021/11/01/21/31/forest-6761846__340.jpg,"Forest, Jungle, Tropical, Green, Nature",135,22,A00000042,Imgs/A00000042.jpg
https://cdn.pixabay.com/photo/2022/02/05/08/13/tulip-6994245__340.jpg,"Tulip, Flower, Bloom, Blossom, Petals",92,35,A00000043,Imgs/A00000043.jpg
https://cdn.pixabay.com/photo/2022/04/07/13/06/flowers-7117461__340.jpg,"Flowers, Pink Flowers, Petals",62,0,A00000044,Imgs/A00000044.jpg
https://cdn.pixabay.com/photo/2022/02/22/03/22/passiflora-7027917__340.jpg,"Passiflora, Passion Flower, Flower",97,66,A00000045,Imgs/A00000045.jpg
https://cdn.pixabay.com/photo/2021/11/02/21/57/prayer-6764197__340.jpg,"Prayer, Faith, Religion, Hope, Blessing",175,57,A00000046,Imgs/A00000046.jpg
https://cdn.pixabay.com/photo/2022/04/09/10/13/galaxy-7121195__340.jpg,"Galaxy, Space, Universe, Star, Cosmos",45,40,A00000047,Imgs/A00000047.jpg
https://cdn.pixabay.com/photo/2022/03/31/09/25/dragonfly-7102558__480.jpg,"Dragonfly, Nature, Insect, Macro",19,3,A00000048,Imgs/A00000048.jpg
https://cdn.pixabay.com/photo/2022/01/10/18/09/budapest-6928973__340.jpg,"Budapest, Hungary, Architecture, Church",107,21,A00000049,Imgs/A00000049.jpg
https://cdn.pixabay.com/photo/2022/03/16/11/27/trees-7072255__340.jpg,"Trees, Forest, Leaves, Foliage, Magic",66,18,A00000050,Imgs/A00000050.jpg
https://cdn.pixabay.com/photo/2021/12/11/07/59/hotel-6862159__340.jpg,Das war bei meinem Aufenthalt in der Reha Klinik Klausenbach. Die liegt in Nordrach genauer in der Kolonie! Es wunderbarer Ort. Wie gemacht f√ºr die Erholung! Es gibt einen tollen Film mit Heike Makatsch als Dr. Hope Bridges Adams Lehmann als erste √Ñrztin 1880!,94,14,A00000051,Imgs/A00000051.jpg
https://cdn.pixabay.com/photo/2021/12/22/16/50/landscape-6887936__340.jpg,"This is a tree plantation near the summit of Mt. Hiei (848m). The site is owned and managed by Enryaku-ji temple. The trees are Hinoki cypress, which is very useful for constructions and crafts. In the future, the woods are used for reconstruction of old temple buildings.",160,45,A00000052,Imgs/A00000052.jpg
https://cdn.pixabay.com/photo/2022/04/07/13/08/flowers-7117464__340.jpg,"Flowers, Growth, Nature, Blossom, Bloom",63,0,A00000053,Imgs/A00000053.jpg
https://cdn.pixabay.com/photo/2022/02/04/10/31/cow-6992475__340.jpg,My baby (or babies) are due any day! ‚ò∫Ô∏è,155,142,A00000054,Imgs/A00000054.jpg
https://cdn.pixabay.com/photo/2022/01/02/19/43/port-6910972__340.jpg,"Port, Ship, Boat, Sweden, Sea",89,22,A00000055,Imgs/A00000055.jpg
https://cdn.pixabay.com/photo/2022/04/08/21/42/heron-7120365__340.jpg,"Photographed on February 29, 2021 - the Pixabay license FORBIDS selling images as is on stock sites or elsewhere. Here is a link to the licence: https://pixabay.com/service/license/",34,51,A00000056,Imgs/A00000056.jpg
https://cdn.pixabay.com/photo/2021/11/01/13/58/leaf-6760484__340.jpg,"Leaf, Nature, Autumn, Fall, Season, Leaf",171,53,A00000057,Imgs/A00000057.jpg
https://cdn.pixabay.com/photo/2021/08/27/18/50/water-6579313__340.jpg,"Water, Trolltunga, Ringedalsvannet",202,45,A00000058,Imgs/A00000058.jpg
https://cdn.pixabay.com/photo/2021/12/01/18/17/cat-6838844__340.jpg,"Cat, European Shorthair, Pet, Feline",156,49,A00000059,Imgs/A00000059.jpg
https://cdn.pixabay.com/photo/2022/01/26/20/43/baboon-6969935__340.jpg,"Baboon, Animal, Wildlife, Gesture",140,41,A00000060,Imgs/A00000060.jpg
https://cdn.pixabay.com/photo/2022/04/10/19/28/savoy-7124124__340.jpg,"Savoy, Cabbage, Vegetables, Carrots",28,20,A00000061,Imgs/A00000061.jpg
https://cdn.pixabay.com/photo/2022/03/16/04/08/koi-fish-7071556__480.jpg,"Koi Fish, Fish, Pond, Water, Koi",54,64,A00000062,Imgs/A00000062.jpg
https://cdn.pixabay.com/photo/2021/07/09/02/29/family-6398107__340.jpg,"Family, Beach, People, Ocean, Family",219,57,A00000063,Imgs/A00000063.jpg
https://cdn.pixabay.com/photo/2022/02/26/21/47/elephant-7036431__340.jpg,"Elephant, Baby Elephant, Animals",104,35,A00000064,Imgs/A00000064.jpg
https://cdn.pixabay.com/photo/2022/04/10/19/28/savoy-7124124__340.jpg,"Savoy, Cabbage, Vegetables, Carrots",24,16,A00000065,Imgs/A00000065.jpg
https://cdn.pixabay.com/photo/2022/04/10/10/08/ranunculus-7123057__340.jpg,Add a description (optional),25,15,A00000066,Imgs/A00000066.jpg
https://cdn.pixabay.com/photo/2022/04/08/17/33/great-cormorant-7119976__340.jpg,"Great Cormorant, Bird",36,24,A00000067,Imgs/A00000067.jpg
https://cdn.pixabay.com/photo/2022/04/10/19/07/flower-7124081__340.jpg,"Flower, Daffodil, Petals, Plant",21,14,A00000068,Imgs/A00000068.jpg
https://cdn.pixabay.com/photo/2022/01/28/18/46/sea-6975501__340.jpg,"Sea, Waves, Storm, Sky, Clouds, Overcast",102,38,A00000069,Imgs/A00000069.jpg
https://cdn.pixabay.com/photo/2017/02/08/17/24/fantasy-2049567__340.jpg,"Fantasy, Butterflies, Mushrooms, Forest",3322,536,A00000070,Imgs/A00000070.jpg
https://cdn.pixabay.com/photo/2022/03/15/15/19/child-7070570__340.jpg,"Child, Boy, Flowers, Meadow, Cute, Kid",43,2,A00000071,Imgs/A00000071.jpg
https://cdn.pixabay.com/photo/2022/04/06/12/18/grass-7115462__340.jpg,"Grass, Plants, Oats, Ear, Barley",46,44,A00000072,Imgs/A00000072.jpg
https://cdn.pixabay.com/photo/2021/10/14/13/50/book-6709160__340.jpg,"Book, Literature, Reading, Library",130,57,A00000073,Imgs/A00000073.jpg
https://cdn.pixabay.com/photo/2022/04/06/13/59/wood-anemones-7115637__340.jpg,"Wood Anemones, Anemone, Buttercups",46,39,A00000074,Imgs/A00000074.jpg
https://cdn.pixabay.com/photo/2017/12/15/13/51/polynesia-3021072__340.jpg,white and red boat on beach during daytime,2610,499,A00000075,Imgs/A00000075.jpg
https://cdn.pixabay.com/photo/2022/04/03/09/30/flower-7108476__340.jpg,"Flower, Bee, Pollination, Bloom, Insect",50,68,A00000076,Imgs/A00000076.jpg
https://cdn.pixabay.com/photo/2022/04/11/18/14/letter-box-7126374__480.jpg,"Letter Box, Email Delivery, Post Office",17,12,A00000077,Imgs/A00000077.jpg
https://cdn.pixabay.com/photo/2022/01/17/23/10/sunset-6945937__340.jpg,Calm Lake At Sunset,59,18,A00000078,Imgs/A00000078.jpg
https://cdn.pixabay.com/photo/2022/04/04/22/33/sunflowers-7112463__340.jpg,"Illustration, sunflowers farming,",72,77,A00000079,Imgs/A00000079.jpg
https://cdn.pixabay.com/photo/2022/02/19/21/46/beach-7023446__340.jpg,"Beach, Sand, Sea, North Sea, Winter",30,6,A00000080,Imgs/A00000080.jpg
https://cdn.pixabay.com/photo/2022/01/13/16/37/trees-6935614__340.jpg,"Trees, Nature, Winter, Season, Outdoors",90,18,A00000081,Imgs/A00000081.jpg
https://cdn.pixabay.com/photo/2022/03/02/14/25/flower-7043267__340.jpg,"Flower, Rose, Bloom, Blossom, Botany",107,91,A00000082,Imgs/A00000082.jpg
https://cdn.pixabay.com/photo/2021/12/27/11/55/winter-6897046__340.jpg,"Winter, Frost, Nature, Texture, Macro",113,32,A00000083,Imgs/A00000083.jpg
https://cdn.pixabay.com/photo/2021/12/28/14/30/bird-6899457__340.jpg,"Bird, Blackbird, Ornithology, Species",109,27,A00000084,Imgs/A00000084.jpg
https://cdn.pixabay.com/photo/2022/04/10/14/27/trees-7123499__340.jpg,"Trees, Rural, Clouds, Nature, Landscape",14,8,A00000085,Imgs/A00000085.jpg
https://cdn.pixabay.com/photo/2022/01/16/20/38/coffee-6943139__340.jpg,"Coffee, Pencils, Eraser, Office",69,9,A00000086,Imgs/A00000086.jpg
https://cdn.pixabay.com/photo/2021/07/18/04/00/lotus-6474572__340.jpg,"Lotus, Flower, Lotus Flower, Pink Flower",279,45,A00000087,Imgs/A00000087.jpg
https://cdn.pixabay.com/photo/2022/04/01/15/31/bus-7105041__340.jpg,Es sind noch Pl√§tze frei‚Ä¶,43,34,A00000088,Imgs/A00000088.jpg
https://cdn.pixabay.com/photo/2022/01/21/19/21/crocus-6955548__340.jpg,"Crocus, Flowers, Plants, Purple Crocus",77,16,A00000089,Imgs/A00000089.jpg
https://cdn.pixabay.com/photo/2022/04/11/09/18/birds-7125333__340.jpg,"Taken in March 21, 2022",16,7,A00000090,Imgs/A00000090.jpg
https://cdn.pixabay.com/photo/2021/12/12/22/48/mountain-6867146__340.jpg,"Mountain, Summit, Forest, Winter, Clouds",82,8,A00000091,Imgs/A00000091.jpg
https://cdn.pixabay.com/photo/2022/04/10/07/33/ice-cream-cone-7122797__340.jpg,"Ice Cream Cone, Ice Squirrel, Flower",16,11,A00000092,Imgs/A00000092.jpg
https://cdn.pixabay.com/photo/2022/04/09/09/29/flower-7121113__480.jpg,"Flower, Magnolia, Tree, Spring Flowers",8,2,A00000093,Imgs/A00000093.jpg
https://cdn.pixabay.com/photo/2022/04/06/09/46/flowers-7115215__340.jpg,"Flowers, Bouquet, Garden",47,26,A00000094,Imgs/A00000094.jpg
https://cdn.pixabay.com/photo/2022/03/04/09/02/winter-7046891__340.jpg,Help Ukraine! Stop the war!,56,15,A00000095,Imgs/A00000095.jpg
https://cdn.pixabay.com/photo/2022/04/03/08/33/jay-7108357__340.jpg,"Jay, Bird, Animal, Snow, Winter",62,48,A00000096,Imgs/A00000096.jpg
https://cdn.pixabay.com/photo/2022/04/09/07/14/dungeon-7120925__340.jpg,"Built in 1300-1400, the former Augustinian (Les Augustins, in French) convent in Toulouse (France) has become a museum.",17,11,A00000097,Imgs/A00000097.jpg
https://cdn.pixabay.com/photo/2022/04/11/09/16/birds-7125327__340.jpg,"Birds, Egyptian Goslings, Waterfowl",15,8,A00000098,Imgs/A00000098.jpg
https://cdn.pixabay.com/photo/2022/04/06/08/16/peach-blossom-7115083__340.jpg,"Peach Blossom, Flowers, Branch, Tree",41,58,A00000099,Imgs/A00000099.jpg
https://cdn.pixabay.com/photo/2021/12/01/15/32/happy-new-year-6838276__340.jpg,"Happy New Year, 2022, Regards, New Year",45,10,A00000100,Imgs/A00000100.jpg
https://cdn.pixabay.com/photo/2022/04/03/17/48/flowers-7109567__340.jpg,"Flowers, Botany, Quince",55,47,A00000101,Imgs/A00000101.jpg
https://cdn.pixabay.com/photo/2016/11/29/05/45/astronomy-1867616__340.jpg,"Astronomy, Bright, Constellation, Dark",2989,484,A00000102,Imgs/A00000102.jpg
https://cdn.pixabay.com/photo/2022/02/14/10/35/flowers-7012876__340.jpg,"Flowers, Bloom, Botany, Blossom, Nature",43,13,A00000103,Imgs/A00000103.jpg
https://cdn.pixabay.com/photo/2021/08/23/08/28/path-6567149__340.jpg,"Path, Rural, Nature, Road, Countryside",178,36,A00000104,Imgs/A00000104.jpg
https://cdn.pixabay.com/photo/2022/02/14/06/54/bird-7012586__340.jpg,"Bird, Ibis, Spiny Ibis, Ornithology",141,102,A00000105,Imgs/A00000105.jpg
https://cdn.pixabay.com/photo/2021/08/27/10/16/baby-6578335__340.jpg,"Baby, Girl, Portrait, Child, Daughter",179,54,A00000106,Imgs/A00000106.jpg
https://cdn.pixabay.com/photo/2021/12/20/15/01/christmas-tree-6883263__340.jpg,"Christmas Tree, Ornaments, Christmas",147,99,A00000107,Imgs/A00000107.jpg
https://cdn.pixabay.com/photo/2021/09/30/18/10/sunrise-6670717__340.jpg,"Sunrise, Mountains, Fog, Swabian Jura",140,27,A00000108,Imgs/A00000108.jpg
https://cdn.pixabay.com/photo/2022/04/05/22/54/giant-lily-7114496__480.jpg,Dorianthes Palmeri. 3 meters high. Makes her first flower at 40 years. Blooms only once in her life and dies... ***************************** Dorianthes Palmeri. 3 Meter hoch. Macht ihre erste Blume nach 40 Jahren. Bl√ºht nur einmal in ihrem Leben und stirbt‚Ä¶,47,32,A00000109,Imgs/A00000109.jpg
https://cdn.pixabay.com/photo/2022/04/06/22/27/postcard-7116453__340.jpg,"Postcard, Greeting Card, Peacocks, Birds",31,36,A00000110,Imgs/A00000110.jpg
https://cdn.pixabay.com/photo/2022/01/25/04/42/bird-6965228__340.jpg,"Bird, Great Egret, Ornithology, Species",89,47,A00000111,Imgs/A00000111.jpg
https://cdn.pixabay.com/photo/2022/01/10/16/30/flowers-6928749__340.jpg,"Flowers, Grass, Coast, Cliff, Beach, Sea",79,12,A00000112,Imgs/A00000112.jpg
https://cdn.pixabay.com/photo/2021/12/18/17/11/flower-6879399__340.jpg,"Flower, Dandelion, Wildflower, Seeds",88,14,A00000113,Imgs/A00000113.jpg
https://cdn.pixabay.com/photo/2021/12/14/20/21/book-6871220__340.jpg,"Book, Page, Man, Stop, Shades, Paper",80,49,A00000114,Imgs/A00000114.jpg
https://cdn.pixabay.com/photo/2021/08/23/07/38/castle-6566978__340.jpg,"Castle, Monument, Park, Building",159,27,A00000115,Imgs/A00000115.jpg
https://cdn.pixabay.com/photo/2022/04/05/15/11/birds-7113827__340.jpg,"Birds, Greylag Goose, Ornithology",41,28,A00000116,Imgs/A00000116.jpg
https://cdn.pixabay.com/photo/2022/04/08/19/05/hyacinth-7120098__340.jpg,"Hyacinth, Flowers, Spring, Nature",15,9,A00000117,Imgs/A00000117.jpg
https://cdn.pixabay.com/photo/2022/04/05/00/25/bokeh-7112555__340.jpg,"Bokeh, Light, Background, Pattern, Art",27,27,A00000118,Imgs/A00000118.jpg
https://cdn.pixabay.com/photo/2022/04/02/10/53/easter-7106722__340.jpg,"Easter, Easter Bunny, Easter Decoration",55,87,A00000119,Imgs/A00000119.jpg
https://cdn.pixabay.com/photo/2021/11/26/17/26/desert-6826299__340.jpg,"Desert, Sand, Dunes, Dubai, Native",48,14,A00000120,Imgs/A00000120.jpg
https://cdn.pixabay.com/photo/2022/04/03/09/04/pforphoto-7108433__340.jpg,The Piano‚Ä¶,35,25,A00000121,Imgs/A00000121.jpg
https://cdn.pixabay.com/photo/2020/04/25/12/14/tech-5090539__340.jpg,"Tech, Circle, Technology, Abstract",404,109,A00000122,Imgs/A00000122.jpg
https://cdn.pixabay.com/photo/2022/04/06/09/46/flowers-7115217__340.jpg,"Flowers, Hyacinth, Garden",40,28,A00000123,Imgs/A00000123.jpg
https://cdn.pixabay.com/photo/2022/03/28/05/17/cherry-blossoms-7096607__340.jpg,"Cherry Blossoms, Pink Flowers, Sakura",61,24,A00000124,Imgs/A00000124.jpg
https://cdn.pixabay.com/photo/2022/04/08/12/12/coffee-7119373__480.jpg,"Coffee, Template, Coffee Stain, Dirty",26,19,A00000125,Imgs/A00000125.jpg
https://cdn.pixabay.com/photo/2022/02/02/13/50/happy-easter-6988491__340.jpg,"Happy Easter, Spring, Decoration, Theme",29,10,A00000126,Imgs/A00000126.jpg
https://cdn.pixabay.com/photo/2021/12/12/01/15/lotus-6863937__340.jpg,"Lotus, Flowers, Pond, Lily Pads",101,23,A00000127,Imgs/A00000127.jpg
https://cdn.pixabay.com/photo/2022/01/21/07/21/ring-tailed-lemur-6954076__340.jpg,"Ring Tailed Lemur, Lemur, Group, Cub",160,115,A00000128,Imgs/A00000128.jpg
https://cdn.pixabay.com/photo/2022/04/07/04/03/bird-7116757__340.jpg,"El estornino pinto, o estornino com√∫n, (Sturnus vulgaris)‚Äã es una especie de ave passeriforme de la familia Sturnidae nativa del Pale√°rtico. En Argentina fue introducido hace unos a√±os y hoy se reproduce abundantemente en el sudeste de la Provincia de Buenos Aires.",23,19,A00000129,Imgs/A00000129.jpg
https://cdn.pixabay.com/photo/2021/10/11/09/04/nature-6699893__340.jpg,"Nature, Spruce, Evergreen, Branches",99,21,A00000130,Imgs/A00000130.jpg
https://cdn.pixabay.com/photo/2022/04/08/07/22/tablets-7118912__340.jpg,"Tablets, Drugs, Powder",22,16,A00000131,Imgs/A00000131.jpg
https://cdn.pixabay.com/photo/2022/01/17/08/27/white-flowers-6944139__340.jpg,"White Flowers, Flowers, Nature",49,11,A00000132,Imgs/A00000132.jpg
https://cdn.pixabay.com/photo/2021/09/14/14/46/cologne-6624212__340.jpg,"Cologne, Cathedral, Bridge, Night, River",98,27,A00000133,Imgs/A00000133.jpg
https://cdn.pixabay.com/photo/2015/12/01/20/28/road-1072823__340.jpg,"Road, Forest, Fall, Autumn, Season",5214,1126,A00000134,Imgs/A00000134.jpg
https://cdn.pixabay.com/photo/2022/04/08/06/13/bird-7118767__340.jpg,"Bird, Geese, Ornithology, Species, Fauna",23,15,A00000135,Imgs/A00000135.jpg
https://cdn.pixabay.com/photo/2022/04/04/15/16/flowers-7111580__340.jpg,Foto von Ende M√§rz 2022,27,20,A00000136,Imgs/A00000136.jpg
https://cdn.pixabay.com/photo/2021/10/10/20/33/mehtab-bagh-6698669__340.jpg,"Mehtab Bagh, India, Taj Mahal, Temple",73,15,A00000137,Imgs/A00000137.jpg
https://cdn.pixabay.com/photo/2022/04/09/05/35/tulips-7120798__340.jpg,"Tulips, Flower, Plant, Flora",10,4,A00000138,Imgs/A00000138.jpg
https://cdn.pixabay.com/photo/2022/04/04/06/59/canada-goose-7110494__340.jpg,"Canada Goose, Goose, Swim, Water Bird",57,0,A00000139,Imgs/A00000139.jpg
https://cdn.pixabay.com/photo/2022/03/02/19/27/earth-7043847__340.jpg,"Earth, Planet, Homeland, Mankind",36,8,A00000140,Imgs/A00000140.jpg
https://cdn.pixabay.com/photo/2022/04/07/04/04/starling-7116759__480.jpg,"El estornino pinto, o estornino com√∫n, (Sturnus vulgaris)‚Äã es una especie de ave passeriforme de la familia Sturnidae nativa del Pale√°rtico. En Argentina fue introducido hace unos a√±os y hoy se reproduce abundantemente en el sudeste de la Provincia de Buenos Aires.",22,17,A00000141,Imgs/A00000141.jpg
https://cdn.pixabay.com/photo/2022/03/28/20/47/house-7098314__340.jpg,"Composition, lake view",81,81,A00000142,Imgs/A00000142.jpg
https://cdn.pixabay.com/photo/2022/04/08/17/33/bird-7119983__340.jpg,"Bird, Blackbird, Songbird, Fauna, Animal",18,11,A00000143,Imgs/A00000143.jpg
https://cdn.pixabay.com/photo/2022/04/10/10/04/bird-7123044__340.jpg,"Durian Redstart. In Japan, it is a winter bird, wintering in regions without snow cover and inhabiting flat to low mountain farmlands, residential areas, parks, and riverbanks.",10,6,A00000144,Imgs/A00000144.jpg
https://cdn.pixabay.com/photo/2021/11/09/07/29/newborn-6780840__340.jpg,"Newborn, Baby, Costume, Sleeping",91,21,A00000145,Imgs/A00000145.jpg
https://cdn.pixabay.com/photo/2022/04/02/20/46/cat-7107728__340.jpg,"Cat, Grass, Backyard, Outdoors, Kitten",54,36,A00000146,Imgs/A00000146.jpg
https://cdn.pixabay.com/photo/2021/06/22/16/39/arch-6356637__340.jpg,"Arch, Alley, Street, Road, Eiffel Tower",261,51,A00000147,Imgs/A00000147.jpg
https://cdn.pixabay.com/photo/2022/03/21/16/12/blackbird-7083494__340.jpg,"Blackbird, Bird, Animal, Worm, Eating",70,51,A00000148,Imgs/A00000148.jpg
https://cdn.pixabay.com/photo/2022/04/06/10/08/dog-7115247__340.jpg,"Dog, Golden Retriever, Water, Swim, Lake",33,22,A00000149,Imgs/A00000149.jpg
https://cdn.pixabay.com/photo/2022/04/09/21/10/clouds-7122287__340.jpg,"Clouds, Sky, Atmosphere, Grey Clouds",5,1,A00000150,Imgs/A00000150.jpg
https://cdn.pixabay.com/photo/2022/04/12/12/02/flowers-7127847__340.jpg,"Flowers, Spring, Seasonal, Nature, Bloom",17,14,A00000151,Imgs/A00000151.jpg
https://cdn.pixabay.com/photo/2022/03/31/14/12/flower-7103109__340.jpg,"Flower, Liverflower, Early Bloomer",74,57,A00000152,Imgs/A00000152.jpg
https://cdn.pixabay.com/photo/2021/05/29/17/35/car-6293917__340.jpg,"Car, Beach, Sunset, Desktop Wallpaper",37,7,A00000153,Imgs/A00000153.jpg
https://cdn.pixabay.com/photo/2021/10/23/03/35/mountain-6734031__340.jpg,"Mountain, Summit, Snow, Winter",85,20,A00000154,Imgs/A00000154.jpg
https://cdn.pixabay.com/photo/2022/04/08/11/47/daffodil-7119341__340.jpg,Aufgenommen am 5.3.2022,29,22,A00000155,Imgs/A00000155.jpg
https://cdn.pixabay.com/photo/2021/08/29/08/49/petit-minou-lighthouse-6582717__340.jpg,"Petit Minou Lighthouse, Lighthouse, Sea",120,29,A00000156,Imgs/A00000156.jpg
https://cdn.pixabay.com/photo/2018/01/30/22/50/forest-3119826__480.jpg,"Forest, Twilight, Nature, Trees, Woods",1417,188,A00000157,Imgs/A00000157.jpg
https://cdn.pixabay.com/photo/2022/04/07/17/32/european-shorthair-7118037__340.jpg,"European Shorthair, Cat, Pet, Animal",18,8,A00000158,Imgs/A00000158.jpg
https://cdn.pixabay.com/photo/2022/04/11/19/35/easter-bunny-7126487__340.jpg,"Easter Bunny, Easter, Easter Festival",9,7,A00000159,Imgs/A00000159.jpg
https://cdn.pixabay.com/photo/2022/03/28/17/19/mountains-7097981__340.jpg,"Mountains, Meadow, Cabin, Clouds, Herb",63,55,A00000160,Imgs/A00000160.jpg
https://cdn.pixabay.com/photo/2021/07/27/16/23/buildings-6497337__340.jpg,"Buildings, Town, Road, Hills, Sunset",132,19,A00000161,Imgs/A00000161.jpg
https://cdn.pixabay.com/photo/2022/03/14/20/54/city-7069010__340.jpg,"City, Travel, Tourism, Mexico City",19,5,A00000162,Imgs/A00000162.jpg
https://cdn.pixabay.com/photo/2022/04/09/09/29/magnolia-7121115__340.jpg,"Magnolia, Flower, Tree, Spring Flowers",2,1,A00000163,Imgs/A00000163.jpg
https://cdn.pixabay.com/photo/2022/04/10/19/17/donkey-7124096__340.jpg,"Donkey, Animal, Draft Animal, Mammal",10,0,A00000164,Imgs/A00000164.jpg
https://cdn.pixabay.com/photo/2022/04/08/11/46/weave-7119337__340.jpg,Aufgenommen am 20.3.2021,27,19,A00000165,Imgs/A00000165.jpg
https://cdn.pixabay.com/photo/2022/04/09/14/54/fields-7121593__340.jpg,"Fields, Nature, Landscape, Meadow, Rural",14,12,A00000166,Imgs/A00000166.jpg
https://cdn.pixabay.com/photo/2022/04/08/13/45/flowers-7119514__340.jpg,This is now the season for Cherry blossoms in Japan. Have you ever heard of ‚Äúhanami‚Äù? We sit under the cherry trees and eat and drink with our friends.,14,8,A00000167,Imgs/A00000167.jpg
https://cdn.pixabay.com/photo/2022/03/19/08/45/alley-7078098__340.jpg,In einem kleinen St√§dtchen ...,57,33,A00000168,Imgs/A00000168.jpg
https://cdn.pixabay.com/photo/2022/04/06/06/30/drake-7114868__340.jpg,"Drake, Waterbird, Wings",20,19,A00000169,Imgs/A00000169.jpg
https://cdn.pixabay.com/photo/2021/11/17/10/57/pine-cone-6803226__340.jpg,"Pine Cone, Fir Green, Fir Branch",126,43,A00000170,Imgs/A00000170.jpg
https://cdn.pixabay.com/photo/2021/10/15/22/59/heron-6713611__340.jpg,"Heron, Great Egret, River, Lake, Pond",163,127,A00000171,Imgs/A00000171.jpg
https://cdn.pixabay.com/photo/2021/10/08/06/45/seagulls-6690361__340.jpg,"Seagulls, Birds, Nature, Ocean, Sea, Sky",121,30,A00000172,Imgs/A00000172.jpg
https://cdn.pixabay.com/photo/2021/07/22/21/55/mountains-6486093__480.jpg,"Mountains, Nature, Tourism, Hike, Alpine",122,24,A00000173,Imgs/A00000173.jpg
https://cdn.pixabay.com/photo/2022/04/04/08/43/road-7110643__340.jpg,"Road, Mountain, Countryside, Landscape",29,0,A00000174,Imgs/A00000174.jpg
https://cdn.pixabay.com/photo/2021/11/11/16/29/tree-6786654__340.jpg,"Tree, Leaves, Autumn, Season, Nature",89,21,A00000175,Imgs/A00000175.jpg
https://cdn.pixabay.com/photo/2022/03/23/17/41/fantasy-7087606__340.jpg,"Fantasy, Elf, Light, Plants, Bird Magic",32,17,A00000176,Imgs/A00000176.jpg
https://cdn.pixabay.com/photo/2022/03/12/09/27/couple-7063784__340.jpg,"Couple, Meadow, Walking, Nature, Sunset",17,5,A00000177,Imgs/A00000177.jpg
https://cdn.pixabay.com/photo/2016/12/16/15/25/christmas-1911637__340.jpg,"Christmas, Background, Flat Lay",2860,460,A00000178,Imgs/A00000178.jpg
https://cdn.pixabay.com/photo/2022/04/06/17/40/blackthorn-7116000__340.jpg,"Blackthorn, Sloe, Winter, Prunus Spinosa",23,20,A00000179,Imgs/A00000179.jpg
https://cdn.pixabay.com/photo/2021/08/27/19/55/boat-6579441__340.jpg,"Boat, River, Forest, Landscape, Woods",145,26,A00000180,Imgs/A00000180.jpg
https://cdn.pixabay.com/photo/2022/04/09/18/25/walnuts-7122043__340.jpg,"Walnuts, Nuts, Food, Healthy, Nutrition",11,5,A00000181,Imgs/A00000181.jpg
https://cdn.pixabay.com/photo/2022/04/12/04/46/climate-change-7127153__340.jpg,"Climate Change, Protest, People",12,9,A00000182,Imgs/A00000182.jpg
https://cdn.pixabay.com/photo/2021/08/08/15/45/mountains-6531264__340.jpg,"Mountains, Sunset, Germany, Fortress",116,26,A00000183,Imgs/A00000183.jpg
https://cdn.pixabay.com/photo/2021/11/27/18/28/candles-6828695__340.jpg,"Candles, Candlelight, Christmas",122,60,A00000184,Imgs/A00000184.jpg
https://cdn.pixabay.com/photo/2022/02/19/08/48/flower-7022112__340.jpg,"Flower, Butterfly, Fantasy, Spring",97,72,A00000185,Imgs/A00000185.jpg
https://cdn.pixabay.com/photo/2022/04/04/10/39/australian-wood-duck-7110865__340.jpg,"Australian Wood Duck, Duck, Bird",45,44,A00000186,Imgs/A00000186.jpg
https://cdn.pixabay.com/photo/2021/10/04/16/42/dog-6680642__340.jpg,"Dog, Puppy, Pet, Cute, Doggy, Animal",89,16,A00000187,Imgs/A00000187.jpg
https://cdn.pixabay.com/photo/2022/03/31/05/07/cherry-blossom-7102224__340.jpg,"Cherry Blossom, Spring, Nature, Flowers",57,48,A00000188,Imgs/A00000188.jpg
https://cdn.pixabay.com/photo/2021/12/26/19/36/christmas-tree-6895765__480.jpg,"Christmas Tree, Holiday, Season",54,11,A00000189,Imgs/A00000189.jpg
https://cdn.pixabay.com/photo/2021/07/26/22/04/sea-shell-6495338__340.jpg,"Sea Shell, Giant Conch",206,95,A00000190,Imgs/A00000190.jpg
https://cdn.pixabay.com/photo/2021/02/05/18/05/paper-5985445__340.jpg,"Paper, Crumpled, Texture, Shadows, Fold",186,38,A00000191,Imgs/A00000191.jpg
https://cdn.pixabay.com/photo/2022/03/31/14/16/bee-7103114__340.jpg,"Bee, Pollination, Entomology, Macro",57,41,A00000192,Imgs/A00000192.jpg
https://cdn.pixabay.com/photo/2022/04/06/05/26/butterfly-7114816__340.jpg,"Butterfly, Aurora Butterfly, Meadow",25,16,A00000193,Imgs/A00000193.jpg
https://cdn.pixabay.com/photo/2021/12/02/13/02/candles-6840499__340.jpg,4 Weihnachtskerzen,70,24,A00000194,Imgs/A00000194.jpg
https://cdn.pixabay.com/photo/2022/04/06/14/27/mute-swan-7115661__340.jpg,Add a description (optional),40,33,A00000195,Imgs/A00000195.jpg
https://cdn.pixabay.com/photo/2022/04/09/06/20/tulip-7120843__340.jpg,"Tulip, Spring, Flowering, Flower",9,2,A00000196,Imgs/A00000196.jpg
https://cdn.pixabay.com/photo/2022/03/22/19/29/town-7085835__340.jpg,"Town, Countryside, Nature, Landscape",69,62,A00000197,Imgs/A00000197.jpg
https://cdn.pixabay.com/photo/2022/04/11/07/30/birds-7124996__340.jpg,"El Hornero ( Furnarius rufus ) es una especie de ave paseriforme perteneciente a la familia de los furn√°ridos, y compone, junto con otras cinco especies el g√©nero Furnarius. El hornero es end√©mico de Sudam√©rica meridional y es el ave nacional de la Rep√∫blica Argentina.",7,6,A00000198,Imgs/A00000198.jpg
https://cdn.pixabay.com/photo/2022/04/05/12/00/cherry-blossom-7113414__340.jpg,"Cherry Blossom, Flowers, Spring, Sakura",32,0,A00000199,Imgs/A00000199.jpg
https://cdn.pixabay.com/photo/2022/04/07/23/58/fantasy-7118471__340.jpg,"Fantasy, No Truth, Silence, Bound",19,24,A00000200,Imgs/A00000200.jpg
https://cdn.pixabay.com/photo/2022/03/01/09/15/salad-7040875__340.jpg,"Salad, Fruit, Berry, Healthy, Vitamins",30,10,A00000201,Imgs/A00000201.jpg
https://cdn.pixabay.com/photo/2021/11/01/08/39/petit-minou-lighthouse-6759731__340.jpg,"Petit Minou Lighthouse, Lighthouse, Sea",61,15,A00000202,Imgs/A00000202.jpg
https://cdn.pixabay.com/photo/2022/04/11/19/05/easter-bunny-7126452__340.jpg,"Easter Bunny, Easter, Easter Decorations",12,8,A00000203,Imgs/A00000203.jpg
https://cdn.pixabay.com/photo/2022/04/09/22/33/bird-7122361__340.jpg,"Bird, Heron, Ornithology, Species, Fauna",12,7,A00000204,Imgs/A00000204.jpg
https://cdn.pixabay.com/photo/2022/04/01/08/57/shepherds-purses-7104384__480.jpg,"Shepherd'S-Purses, Capsella, Grass",45,40,A00000205,Imgs/A00000205.jpg
https://cdn.pixabay.com/photo/2022/04/07/11/55/bernkastel-kues-7117366__340.jpg,"Bernkastel-Kues, Germany, Cityscape",20,10,A00000206,Imgs/A00000206.jpg
https://cdn.pixabay.com/photo/2021/04/21/13/20/cherry-blossoms-6196363__340.jpg,"Cherry Blossoms, Sakura, Flowers",406,211,A00000207,Imgs/A00000207.jpg
https://cdn.pixabay.com/photo/2022/04/11/20/31/purple-flowers-7126569__340.jpg,"Purple Flowers, Flowers, Pasqueflowers",5,2,A00000208,Imgs/A00000208.jpg
https://cdn.pixabay.com/photo/2021/03/02/01/07/cyberpunk-6061251__340.jpg,"Cyberpunk, Street, City, Platform",220,32,A00000209,Imgs/A00000209.jpg
https://cdn.pixabay.com/photo/2022/03/29/12/31/leaves-7099402__340.jpg,"Leaves, Growth, Botany, Nature, Plant",61,16,A00000210,Imgs/A00000210.jpg
https://cdn.pixabay.com/photo/2022/04/10/10/34/flower-7123108__340.jpg,"Flower, Petals, Baby Rose",8,4,A00000211,Imgs/A00000211.jpg
https://cdn.pixabay.com/photo/2022/03/05/09/23/birds-7048729__340.jpg,"Birds, Duck, Ornithology, Species, Fauna",103,79,A00000212,Imgs/A00000212.jpg
https://cdn.pixabay.com/photo/2022/04/10/18/04/robin-7123932__340.jpg,"Robin, Bird, Beak, Feathers, Plumage",4,2,A00000213,Imgs/A00000213.jpg
https://cdn.pixabay.com/photo/2018/06/13/18/20/waves-3473335__340.jpg,"Waves, Sea, Ocean, Beach, Blue Water",1807,310,A00000214,Imgs/A00000214.jpg
https://cdn.pixabay.com/photo/2022/03/05/22/13/daffodil-7050408__340.jpg,"Daffodil, Flower, Yellow Flower, Petals",87,73,A00000215,Imgs/A00000215.jpg
https://cdn.pixabay.com/photo/2022/04/09/16/26/bird-7121805__340.jpg,"Bird, Yellow Warbler, Ornithology",3,2,A00000216,Imgs/A00000216.jpg
https://cdn.pixabay.com/photo/2022/04/11/20/01/leopard-7126525__340.jpg,"Leopard, Animal, Mammal, Big Cat",7,0,A00000217,Imgs/A00000217.jpg
https://cdn.pixabay.com/photo/2022/01/28/21/10/honeybee-6975865__340.jpg,"Honeybee, Sunflower, Pollination, Bee",51,11,A00000218,Imgs/A00000218.jpg
https://cdn.pixabay.com/photo/2020/02/08/14/36/trees-4830285__340.jpg,"Trees, Winter, Snow, White, Cold, Nature",442,106,A00000219,Imgs/A00000219.jpg
https://cdn.pixabay.com/photo/2021/10/29/14/27/nature-6752035__480.jpg,High in the French alps. Climbers walk the steep ridge of the valley blanche. The mountains are as dangerous as they are beautiful üëÄ Chamonix Mont Blanc,85,16,A00000220,Imgs/A00000220.jpg
https://cdn.pixabay.com/photo/2021/08/15/14/47/couple-6548045__340.jpg,"Couple, Silhouette, Love, Relationship",76,20,A00000221,Imgs/A00000221.jpg
https://cdn.pixabay.com/photo/2021/11/25/09/28/amsterdam-6823002__340.jpg,"Amsterdam, Dam Square, Child, Pigeons",91,19,A00000222,Imgs/A00000222.jpg
https://cdn.pixabay.com/photo/2022/04/09/12/11/duck-7121326__340.jpg,"Duck, Bird, Beak, Feathers, Plumage",7,2,A00000223,Imgs/A00000223.jpg
https://cdn.pixabay.com/photo/2022/04/09/21/11/rice-7122289__340.jpg,"Rice, Tomatoes, Food, Grain, Dish, Table",7,2,A00000224,Imgs/A00000224.jpg
https://cdn.pixabay.com/photo/2021/08/08/15/01/trading-6531134__340.jpg,"Trading, Blockchain, Cryptocurrency",38,7,A00000225,Imgs/A00000225.jpg
https://cdn.pixabay.com/photo/2021/08/14/20/44/stones-6546233__340.jpg,"Stones, Rock, Balance, Balanced Rocks",109,19,A00000226,Imgs/A00000226.jpg
https://cdn.pixabay.com/photo/2021/03/11/02/57/mountain-6086083__340.jpg,"Mountain, Snow, Sunrise, Peak, Summit",286,71,A00000227,Imgs/A00000227.jpg
https://cdn.pixabay.com/photo/2021/08/31/18/51/forest-6589852__340.jpg,"Forest, Nature, Trees, Woods, Outdoors",102,13,A00000228,Imgs/A00000228.jpg
https://cdn.pixabay.com/photo/2022/04/03/14/25/bird-7109091__340.jpg,"Bird, Robin, Ornithology, Species, Fauna",36,27,A00000229,Imgs/A00000229.jpg
https://cdn.pixabay.com/photo/2022/04/08/15/01/mushrooms-7119658__340.jpg,"Mushrooms, Fungi, Mycology, Forest Floor",10,5,A00000230,Imgs/A00000230.jpg
https://cdn.pixabay.com/photo/2022/04/07/10/19/crafting-7117240__340.jpg,"Crafting, Daisies, Vintage Aesthetic",9,3,A00000231,Imgs/A00000231.jpg
https://cdn.pixabay.com/photo/2020/07/27/14/34/forest-5442598__340.jpg,"Forest, Stars, Mountains, Night Sky",411,50,A00000232,Imgs/A00000232.jpg
https://cdn.pixabay.com/photo/2022/01/03/21/08/street-6913633__340.jpg,Sunset Street in Bavarian Alps,35,6,A00000233,Imgs/A00000233.jpg
https://cdn.pixabay.com/photo/2022/04/11/15/32/petals-7126056__480.jpg,"Petals, Tree, Cherry, Garden, Blossom",7,5,A00000234,Imgs/A00000234.jpg
https://cdn.pixabay.com/photo/2016/11/29/13/37/christmas-1869902__340.jpg,"Christmas, Christmas Tree, Presents",1184,292,A00000235,Imgs/A00000235.jpg
https://cdn.pixabay.com/photo/2022/03/27/10/19/squill-7094638__340.jpg,"Squill, Flowers, Plant, Scilla",66,51,A00000236,Imgs/A00000236.jpg
https://cdn.pixabay.com/photo/2022/04/05/15/13/soap-bubbles-7113833__340.jpg,"Soap Bubbles, Colour, Macro, Pattern",21,16,A00000237,Imgs/A00000237.jpg
https://cdn.pixabay.com/photo/2021/07/21/12/22/lavenders-6482952__340.jpg,"Lavenders, Flowers, Lavender Field",158,36,A00000238,Imgs/A00000238.jpg
https://cdn.pixabay.com/photo/2022/04/03/12/45/flowers-7108857__340.jpg,"Flowers, Lucile'S Glory Of The Snow",39,25,A00000239,Imgs/A00000239.jpg
https://cdn.pixabay.com/photo/2021/11/17/17/03/roses-6804169__340.jpg,"Roses, Flowers, Yellow Flowers",96,25,A00000240,Imgs/A00000240.jpg
https://cdn.pixabay.com/photo/2022/02/07/15/22/fuel-6999638__340.jpg,"Fuel, Gas Station, Refueling, Gas",9,3,A00000241,Imgs/A00000241.jpg
https://cdn.pixabay.com/photo/2022/04/09/16/46/peace-7121863__340.jpg,"Peace, Peace Sign, Against War, Ukraine",13,8,A00000242,Imgs/A00000242.jpg
https://cdn.pixabay.com/photo/2022/03/20/10/50/lake-7080525__340.jpg,"Lake, Mountains, Nature, Dusk, To Travel",72,62,A00000243,Imgs/A00000243.jpg
https://cdn.pixabay.com/photo/2022/04/06/08/13/peach-blossom-7115080__340.jpg,"Peach Blossom, Flowers, Branch, Tree",18,18,A00000244,Imgs/A00000244.jpg
https://cdn.pixabay.com/photo/2021/07/29/09/54/honey-bee-6506809__340.jpg,"Honey Bee, Bee, Flowers, Insect, Tansy",106,24,A00000245,Imgs/A00000245.jpg
https://cdn.pixabay.com/photo/2022/04/08/20/38/flower-7120281__340.jpg,"Flower, Anemone, Spring, Blue, Nature",10,4,A00000246,Imgs/A00000246.jpg
https://cdn.pixabay.com/photo/2022/04/09/06/50/magnolia-7120880__340.jpg,"Magnolia, Bud, Flower, Plant, Shrub",8,5,A00000247,Imgs/A00000247.jpg
https://cdn.pixabay.com/photo/2022/04/05/23/11/giant-lily-7114512__340.jpg,Dorianthes Palmeri. 3 meters high. Makes her first flower at 40 years. Blooms only once in her life and dies... ***************************** Dorianthes Palmeri. 3 Meter hoch. Macht ihre erste Blume nach 40 Jahren. Bl√ºht nur einmal in ihrem Leben und stirbt‚Ä¶,29,19,A00000248,Imgs/A00000248.jpg
https://cdn.pixabay.com/photo/2021/07/18/17/11/rufous-6476117__480.jpg,"Rufous, Bird, Hummingbird, Flight, Wings",192,45,A00000249,Imgs/A00000249.jpg
https://cdn.pixabay.com/photo/2021/06/20/08/35/ginkgo-6350293__340.jpg,"Ginkgo, Leaf, Dew, Dewdrops, Raindrops",125,32,A00000250,Imgs/A00000250.jpg
https://cdn.pixabay.com/photo/2022/01/15/15/30/lantern-6939870__340.jpg,"Lantern, Festival, Decoration",35,9,A00000251,Imgs/A00000251.jpg
https://cdn.pixabay.com/photo/2021/11/17/15/07/paris-6803796__340.jpg,"Paris, City, Cloudy Day, Stormy Day",64,20,A00000252,Imgs/A00000252.jpg
https://cdn.pixabay.com/photo/2022/04/09/15/12/animal-7121622__340.jpg,"Animal, Hamadryas Baboon, Baboon",5,1,A00000253,Imgs/A00000253.jpg
https://cdn.pixabay.com/photo/2018/10/01/09/21/pets-3715733__340.jpg,"Pets, Cute, Cat, Dog, Cute Wallpaper",703,182,A00000254,Imgs/A00000254.jpg
https://cdn.pixabay.com/photo/2020/05/25/17/03/travel-5219496__340.jpg,"Travel, Airport, Boarding Pass, Boarding",161,34,A00000255,Imgs/A00000255.jpg
https://cdn.pixabay.com/photo/2022/04/07/21/46/valley-7118324__340.jpg,Portret van de lente,10,6,A00000256,Imgs/A00000256.jpg
https://cdn.pixabay.com/photo/2022/04/06/10/57/ribbon-7115324__340.png,"Ribbon, Bow, Gift, Decoration, Colorful",13,4,A00000257,Imgs/A00000257.jpg
https://cdn.pixabay.com/photo/2022/04/01/07/41/cows-7104262__340.jpg,"Cows, Cattle, Livestock, Farm Animals",47,40,A00000258,Imgs/A00000258.jpg
https://cdn.pixabay.com/photo/2022/04/01/17/02/glory-of-the-snow-7105247__340.jpg,Photographed on 29-03-22 in the Amstelpark.,47,59,A00000259,Imgs/A00000259.jpg
https://cdn.pixabay.com/photo/2022/04/08/06/53/animal-7118858__340.jpg,"Animal, Dog, Canine, Mammal, Breed, Pet",11,7,A00000260,Imgs/A00000260.jpg
https://cdn.pixabay.com/photo/2022/03/09/15/58/tulips-7058127__340.jpg,"Tulips, Flowers, Blossom, Petals, Bloom",107,90,A00000261,Imgs/A00000261.jpg
https://cdn.pixabay.com/photo/2022/04/11/22/08/meadowsweet-7126754__340.jpg,"Meadowsweet, Flowers, Plant",2,0,A00000262,Imgs/A00000262.jpg
https://cdn.pixabay.com/photo/2022/01/20/01/23/floral-background-6951261__480.jpg,"Floral Background, Scrapbooking",80,73,A00000263,Imgs/A00000263.jpg
https://cdn.pixabay.com/photo/2022/04/05/15/08/nature-7113818__340.jpg,"Nature, Sea, Sunset, Water, Mood, Ocean",24,20,A00000264,Imgs/A00000264.jpg
https://cdn.pixabay.com/photo/2022/04/08/15/42/nutrition-7119739__340.jpg,"Nutrition, Market, Corn, Organic, Fresh",11,5,A00000265,Imgs/A00000265.jpg
https://cdn.pixabay.com/photo/2022/03/20/09/38/flower-7080355__340.jpg,"Flower, Humming-Bird, Bird, Orchid",49,37,A00000266,Imgs/A00000266.jpg
https://cdn.pixabay.com/photo/2021/08/23/11/06/nature-6567542__340.jpg,"Nature, Outdoors, Travel, Exploration",78,11,A00000267,Imgs/A00000267.jpg
https://cdn.pixabay.com/photo/2022/04/08/11/39/fire-fighters-7119324__340.jpg,"Fire Fighters, Fire Truck, Fire Fighting",19,11,A00000268,Imgs/A00000268.jpg
https://cdn.pixabay.com/photo/2022/04/07/05/23/orange-flower-7116831__340.jpg,"Orange Flower, Garden, Flower, Nature",12,5,A00000269,Imgs/A00000269.jpg
https://cdn.pixabay.com/photo/2022/04/01/05/52/dog-7104086__340.jpg,Die Badesaison ist er√∂ffnet üòä,39,33,A00000270,Imgs/A00000270.jpg
https://cdn.pixabay.com/photo/2022/03/31/11/07/lion-7102789__340.jpg,"Lion, Animal, Roar, Teeth, Mammal, Cats",24,28,A00000271,Imgs/A00000271.jpg
https://cdn.pixabay.com/photo/2021/11/06/12/27/drops-6773267__340.jpg,"Drops, Water Drops, Trypophobia",84,39,A00000272,Imgs/A00000272.jpg
https://cdn.pixabay.com/photo/2021/11/18/22/17/butterfly-6807529__340.jpg,"Butterfly, Insect, Winged Insect",78,16,A00000273,Imgs/A00000273.jpg
https://cdn.pixabay.com/photo/2021/07/14/12/01/poppies-6465890__340.jpg,"Poppies, Flowers, Buds, Field",141,35,A00000274,Imgs/A00000274.jpg
https://cdn.pixabay.com/photo/2021/11/25/07/18/beach-6822823__340.jpg,"Beach, Ocean, Sea, Spain, Water, Nature",65,6,A00000275,Imgs/A00000275.jpg
https://cdn.pixabay.com/photo/2021/12/17/17/00/butterfly-6876992__340.jpg,"Butterfly, Pollination, Nature, Flower",49,12,A00000276,Imgs/A00000276.jpg
https://cdn.pixabay.com/photo/2022/04/08/17/05/bird-7119927__340.jpg,"Bird, Owl, Ornithology, Species, Fauna",10,4,A00000277,Imgs/A00000277.jpg
https://cdn.pixabay.com/photo/2022/03/30/15/31/mountains-7101380__340.jpg,"Mountains, Hiking, Cave, Stone, Nature",53,41,A00000278,Imgs/A00000278.jpg
https://cdn.pixabay.com/photo/2022/04/04/13/06/young-geese-7111224__480.jpg,"taken on March 29, 2022",21,11,A00000279,Imgs/A00000279.jpg
https://cdn.pixabay.com/photo/2022/04/09/16/45/flowers-7121849__340.jpg,"Flowers, Bee, Pollen, Pollination",5,1,A00000280,Imgs/A00000280.jpg
https://cdn.pixabay.com/photo/2021/09/28/14/21/clocks-6664622__340.jpg,"Clocks, Alarm Clocks, Time",91,20,A00000281,Imgs/A00000281.jpg
https://cdn.pixabay.com/photo/2021/05/29/18/59/petra-6294051__340.jpg,"Petra, Ad Deir, World Heritage",305,158,A00000282,Imgs/A00000282.jpg
https://cdn.pixabay.com/photo/2022/04/04/10/57/australian-wood-ducks-7110894__340.jpg,"Australian Wood Ducks, Ducks, Birds",38,29,A00000283,Imgs/A00000283.jpg
https://cdn.pixabay.com/photo/2022/04/01/19/22/daffodils-7105507__340.jpg,"Daffodils, Easter Eggs, Easter, Flowers",45,32,A00000284,Imgs/A00000284.jpg
https://cdn.pixabay.com/photo/2022/03/29/13/16/great-tit-7099470__340.jpg,"Great Tit, Bird, Perched, Tit, Animal",57,43,A00000285,Imgs/A00000285.jpg
https://cdn.pixabay.com/photo/2022/04/08/14/27/bird-7119597__340.jpg,"Bird, Duckling, Ornithology, Species",10,6,A00000286,Imgs/A00000286.jpg
https://cdn.pixabay.com/photo/2022/04/08/10/28/bird-7119229__340.jpg,"Bird, Pigeon, Ornithology, Species",8,4,A00000287,Imgs/A00000287.jpg
https://cdn.pixabay.com/photo/2022/03/01/18/14/tulip-7041814__340.jpg,"Tulip, Flower, Purple Flower, Dew",89,109,A00000288,Imgs/A00000288.jpg
https://cdn.pixabay.com/photo/2022/04/08/22/55/bird-7120475__340.jpg,"Bird, True Sparrow, Ornithology, Species",4,0,A00000289,Imgs/A00000289.jpg
https://cdn.pixabay.com/photo/2016/03/04/19/36/beach-1236581__340.jpg,"Beach, Sea, Ocean, Tropical",2481,465,A00000290,Imgs/A00000290.jpg
https://cdn.pixabay.com/photo/2020/02/16/20/29/nyc-4854718__340.jpg,"Nyc, New York City, America, Usa, City",248,58,A00000291,Imgs/A00000291.jpg
https://cdn.pixabay.com/photo/2022/04/02/12/38/dandelion-7106936__340.jpg,"Dandelion, Yellow Flower, Wildflower",24,12,A00000292,Imgs/A00000292.jpg
https://cdn.pixabay.com/photo/2022/04/06/14/27/chrysanthemums-7115662__340.jpg,"Chrysanthemums, Flowers, Yellow Flowers",11,10,A00000293,Imgs/A00000293.jpg
https://cdn.pixabay.com/photo/2022/04/05/18/35/easter-7114212__340.jpg,"Easter, Easter Eggs, Easter Nest",22,16,A00000294,Imgs/A00000294.jpg
https://cdn.pixabay.com/photo/2022/04/05/21/19/dog-7114449__340.jpg,"Dog, Eurasier, Canine, Breed, Pet",22,14,A00000295,Imgs/A00000295.jpg
https://cdn.pixabay.com/photo/2022/04/12/00/29/animal-7126909__340.jpg,"Animal, Cat, Chartreux, Breed, Feline",2,0,A00000296,Imgs/A00000296.jpg
https://cdn.pixabay.com/photo/2022/04/06/11/30/girl-7115394__340.jpg,"Girl, Smile, Camera, Photographer",3,2,A00000297,Imgs/A00000297.jpg
https://cdn.pixabay.com/photo/2021/09/28/05/05/bird-6663217__340.jpg,"Bird, Beak, Down, Feathers, Ornithology",135,83,A00000298,Imgs/A00000298.jpg
https://cdn.pixabay.com/photo/2022/04/08/23/47/flower-7120513__340.jpg,"Flower, Zinnia Elegan, Flora, Nature",6,4,A00000299,Imgs/A00000299.jpg
https://cdn.pixabay.com/photo/2022/04/11/15/33/bird-7126057__340.jpg,"Bird, Goose, Egyptian Goose, Meadow",5,3,A00000300,Imgs/A00000300.jpg
https://cdn.pixabay.com/photo/2021/09/17/15/17/fruit-6633086__340.jpg,"Fruit, Grapes, Organic, Healthy, Sweet",74,19,A00000301,Imgs/A00000301.jpg
https://cdn.pixabay.com/photo/2022/04/12/08/32/diva-7127549__340.jpg,"Diva, Drag, Pride, Queen, Beauty",4,0,A00000302,Imgs/A00000302.jpg
https://cdn.pixabay.com/photo/2022/04/11/15/48/ship-7126083__340.jpg,"Ship, Sail, Sea, Training Ship, Ocean",4,2,A00000303,Imgs/A00000303.jpg
https://cdn.pixabay.com/photo/2022/04/09/22/19/buildings-7122332__340.jpg,"Buildings, City, Prague, Roofs, Towers",4,1,A00000304,Imgs/A00000304.jpg
https://cdn.pixabay.com/photo/2022/04/09/15/26/spring-7121653__340.jpg,"Spring, Drove, Nature, Germinate, Growth",7,4,A00000305,Imgs/A00000305.jpg
https://cdn.pixabay.com/photo/2022/04/03/17/48/blackthorn-7109568__340.jpg,"Blackthorn, Blossoms, Bud, Spring, Shrub",27,26,A00000306,Imgs/A00000306.jpg
https://cdn.pixabay.com/photo/2021/12/19/10/26/star-6880592__340.jpg,"Star, Moon, Wise Men, Three Kings",122,86,A00000307,Imgs/A00000307.jpg
https://cdn.pixabay.com/photo/2021/08/02/10/45/cityscape-6516367__340.jpg,"Cityscape, Travel, Tourism, Europe",58,3,A00000308,Imgs/A00000308.jpg
https://cdn.pixabay.com/photo/2022/04/03/13/25/flowers-7108960__340.jpg,"Flowers, Crown Imperial, Bloom, Blossom",34,31,A00000309,Imgs/A00000309.jpg
https://cdn.pixabay.com/photo/2022/03/27/15/37/cherry-blossoms-7095452__480.jpg,"Cherry Blossoms, Pink Flowers",48,38,A00000310,Imgs/A00000310.jpg
https://cdn.pixabay.com/photo/2022/03/26/09/39/sheet-music-7092610__340.jpg,"Sheet Music, Music, Tulips, Flower, Song",25,18,A00000311,Imgs/A00000311.jpg
https://cdn.pixabay.com/photo/2022/04/06/07/50/bird-7115038__340.jpg,"Bird, Ornithology, Species, Fauna, Avian",15,20,A00000312,Imgs/A00000312.jpg
https://cdn.pixabay.com/photo/2022/03/26/02/12/ss-speke-shipwreck-7092132__340.jpg,"The SS Speke was a three masted steel ship built in Wales, 1891. In 1906 she was en route from Peru to Geelong, Australia, to collect a return cargo of wheat when she collided with the reef. This is the remains of her bow or &quot;nose&quot;.",70,72,A00000313,Imgs/A00000313.jpg
https://cdn.pixabay.com/photo/2022/03/17/15/47/flower-7074914__340.jpg,"Flower, Rose, Rose Flower, Cereal",60,70,A00000314,Imgs/A00000314.jpg
https://cdn.pixabay.com/photo/2022/04/03/14/27/throttle-7109099__340.jpg,"Throttle, Bird, Ornithology, Species",27,17,A00000315,Imgs/A00000315.jpg
https://cdn.pixabay.com/photo/2022/04/06/15/33/chihuahua-7115748__340.jpg,"Chihuahua, Long-Haired Chihuahua, Dog",25,19,A00000316,Imgs/A00000316.jpg
https://cdn.pixabay.com/photo/2022/03/23/16/55/sky-7087541__340.jpg,"Sky, Clouds, Cumulus, Airspace, Dusk",50,41,A00000317,Imgs/A00000317.jpg
https://cdn.pixabay.com/photo/2017/02/16/19/47/bokeh-2072271__340.jpg,"Bokeh, Pink, Light, Lights, Colors",1133,243,A00000318,Imgs/A00000318.jpg
https://cdn.pixabay.com/photo/2022/04/07/12/54/fruit-7117438__340.jpg,"Fruit, Lemons, Heart, Food, Kitchen",22,15,A00000319,Imgs/A00000319.jpg
https://cdn.pixabay.com/photo/2022/03/29/11/53/lungwort-7099288__340.jpg,Aufgenommen am 11.3.2022,49,42,A00000320,Imgs/A00000320.jpg
https://cdn.pixabay.com/photo/2022/01/22/16/26/lake-6957802__340.jpg,"Lake, Lighthouse, Pier, Outdoors",56,14,A00000321,Imgs/A00000321.jpg
https://cdn.pixabay.com/photo/2021/07/16/18/28/czech-republic-6471576__340.jpg,"Czech Republic, City, Architecture",80,18,A00000322,Imgs/A00000322.jpg
https://cdn.pixabay.com/photo/2013/11/28/10/36/road-220058__340.jpg,"Road, Pavement, Landscape, Roadway",2872,616,A00000323,Imgs/A00000323.jpg
https://cdn.pixabay.com/photo/2022/04/01/07/41/goose-7104256__340.jpg,"Goose, Waterfowl, Countryside, Rural",42,33,A00000324,Imgs/A00000324.jpg
https://cdn.pixabay.com/photo/2021/08/14/01/58/museum-6544420__340.jpg,"Museum, Pyramid, Facade, Illuminated",62,14,A00000325,Imgs/A00000325.jpg
https://cdn.pixabay.com/photo/2022/04/12/05/25/flowers-7127213__480.jpg,"Flowers, Tulips, Spring, Flora, Garden",1,0,A00000326,Imgs/A00000326.jpg
https://cdn.pixabay.com/photo/2022/04/10/19/34/flower-7124156__340.jpg,"Flower, Dust Trap, Stamen, Macro, Bloom",2,0,A00000327,Imgs/A00000327.jpg
https://cdn.pixabay.com/photo/2021/11/13/18/02/lake-6791971__340.jpg,"Lake, Wetland, Mountains, Landscape",45,13,A00000328,Imgs/A00000328.jpg
https://cdn.pixabay.com/photo/2018/01/24/18/05/background-3104413__340.jpg,"Background, Panorama, Sunset, Dawn, Dusk",1562,335,A00000329,Imgs/A00000329.jpg
https://cdn.pixabay.com/photo/2021/11/08/20/15/elephant-6780085__340.jpg,"Elephant, Skin, Texture, Pachyderm",46,9,A00000330,Imgs/A00000330.jpg
https://cdn.pixabay.com/photo/2022/04/09/20/52/dresden-7122254__340.jpg,"Dresden, Morning, Dawn, Landscape, Birds",6,2,A00000331,Imgs/A00000331.jpg
https://cdn.pixabay.com/photo/2021/08/07/18/36/city-6529108__340.jpg,"City, Architecture, Buildings",78,21,A00000332,Imgs/A00000332.jpg
https://cdn.pixabay.com/photo/2021/10/27/08/43/forest-6746433__340.jpg,"Forest, Foliage, Nature, Shrub, Flora",59,10,A00000333,Imgs/A00000333.jpg
https://cdn.pixabay.com/photo/2022/04/11/02/50/gift-box-7124574__340.jpg,"Gift Box, Gift, Box, Ribbon, Package",2,0,A00000334,Imgs/A00000334.jpg
https://cdn.pixabay.com/photo/2022/04/06/15/29/ranunculus-7115737__340.jpg,"Ranunculus, Flower, Blossom, Bloom",26,19,A00000335,Imgs/A00000335.jpg
https://cdn.pixabay.com/photo/2022/04/09/18/22/cat-7122038__340.jpg,"Cat, Animal, Pet, Kitten, Domestic",2,0,A00000336,Imgs/A00000336.jpg
https://cdn.pixabay.com/photo/2022/03/30/09/14/norway-maple-7100807__340.jpg,Aufgenommen am 25.3.2022,47,28,A00000337,Imgs/A00000337.jpg
https://cdn.pixabay.com/photo/2022/04/10/17/55/birds-7123909__340.jpg,"Birds, Sea, Coast, Ships, Port, Travel",2,0,A00000338,Imgs/A00000338.jpg
https://cdn.pixabay.com/photo/2022/04/10/18/16/man-7123964__340.jpg,"Man, Kayak, Rowing, Boat, Water, Lake",10,3,A00000339,Imgs/A00000339.jpg
https://cdn.pixabay.com/photo/2022/04/10/09/55/bird-7123035__340.jpg,"Bird, Branch, Black, Woods, River",3,0,A00000340,Imgs/A00000340.jpg
https://cdn.pixabay.com/photo/2021/08/29/15/43/torrent-6583626__340.jpg,"Torrent, River, Forest, Water",109,58,A00000341,Imgs/A00000341.jpg
https://cdn.pixabay.com/photo/2021/02/02/15/23/rose-5974372__480.jpg,"Rose, Red, Smoke, Fog, Red Rose, Flower",370,51,A00000342,Imgs/A00000342.jpg
https://cdn.pixabay.com/photo/2019/11/10/11/13/couple-4615557__340.jpg,"Couple, Wedding, Marriage, Bridal",480,101,A00000343,Imgs/A00000343.jpg
https://cdn.pixabay.com/photo/2022/03/08/16/52/easter-eggs-7056166__340.jpg,"Easter Eggs, Design, Decoration",62,77,A00000344,Imgs/A00000344.jpg
https://cdn.pixabay.com/photo/2022/04/02/02/16/fox-7106138__340.jpg,"Fox, Planet, Fantasy, Animal, Nature",10,4,A00000345,Imgs/A00000345.jpg
https://cdn.pixabay.com/photo/2022/03/31/12/07/bulb-7102867__340.jpg,"Bulb, Butterfly, Light, Fire",15,16,A00000346,Imgs/A00000346.jpg
https://cdn.pixabay.com/photo/2021/10/11/12/49/boats-6700576__340.jpg,"Boats, Lake, Travel, Outdoors, Dusk",52,14,A00000347,Imgs/A00000347.jpg
https://cdn.pixabay.com/photo/2022/03/30/06/38/bird-7100599__340.jpg,"El bienteveo com√∫n‚Äã o pitohu√©, tambi√©n es conocido como bichofeo y pitog√º√© dependiendo de los paises. Su nombre cient√≠fico es Pitangus sulphuratus. Es una especie de ave paseriforme perteneciente a la familia Tyrannidae. Se distribuye ampliamente en la Rep√∫blica Argentina.",30,26,A00000348,Imgs/A00000348.jpg
https://cdn.pixabay.com/photo/2022/04/06/15/06/flower-7115709__340.jpg,"Flower, Hardy Fuchsia, Spring, Plant",16,28,A00000349,Imgs/A00000349.jpg
https://cdn.pixabay.com/photo/2022/04/11/04/54/frog-7124747__340.jpg,Frog is kicking the ladybug. Support me pls &lt;3,3,0,A00000350,Imgs/A00000350.jpg
https://cdn.pixabay.com/photo/2021/07/16/15/29/hellebore-6471156__340.jpg,"Hellebore, Flowers, Plant, Petals, Bloom",93,17,A00000351,Imgs/A00000351.jpg
https://cdn.pixabay.com/photo/2022/03/20/08/42/forsythia-7080263__340.jpg,"Forsythia, Forsythia Bush, Shrub",68,62,A00000352,Imgs/A00000352.jpg
https://cdn.pixabay.com/photo/2021/12/06/16/38/cedar-6850925__340.jpg,"Cedar, Branch, Winter, Evergreen, Tree",60,25,A00000353,Imgs/A00000353.jpg
https://cdn.pixabay.com/photo/2022/04/11/01/54/squirrel-7124532__340.jpg,"Squirrel, Chipmunk, Rodent, Mammal",3,0,A00000354,Imgs/A00000354.jpg
https://cdn.pixabay.com/photo/2022/04/09/21/47/animal-7122320__340.jpg,"Animal, Cat, Feline, Pet, Mammal, Fur",3,0,A00000355,Imgs/A00000355.jpg
https://cdn.pixabay.com/photo/2021/11/03/09/25/squirrel-6765124__340.jpg,"Squirrel, Animal, Wildlife, Nature",75,14,A00000356,Imgs/A00000356.jpg
https://cdn.pixabay.com/photo/2020/12/17/00/43/skyscrapers-5838029__340.jpg,"Skyscrapers, Buildings, Harbor, Skyline",304,57,A00000357,Imgs/A00000357.jpg
https://cdn.pixabay.com/photo/2017/12/11/15/34/lion-3012515__480.jpg,"Lion, Roar, Africa, Animal, Wildcat",1932,356,A00000358,Imgs/A00000358.jpg
https://cdn.pixabay.com/photo/2022/03/30/17/51/cormorant-7101604__340.jpg,"Cormorant, Bird, Flying, Nature, Animal",34,25,A00000359,Imgs/A00000359.jpg
https://cdn.pixabay.com/photo/2021/05/25/09/51/road-6281973__340.jpg,"Road, City, Motorcycle, Morning",68,0,A00000360,Imgs/A00000360.jpg
https://cdn.pixabay.com/photo/2022/04/07/15/23/gosling-7117722__340.jpg,"Gosling, Bird, Waterfowl, Chick",10,8,A00000361,Imgs/A00000361.jpg
https://cdn.pixabay.com/photo/2021/07/21/21/15/lavenders-6484003__340.jpg,Lavender Wonder,162,51,A00000362,Imgs/A00000362.jpg
https://cdn.pixabay.com/photo/2017/10/13/14/15/fantasy-2847724__340.jpg,"Fantasy, Spirit, Nightmare, Dream",1575,255,A00000363,Imgs/A00000363.jpg
https://cdn.pixabay.com/photo/2018/03/03/20/02/laptop-3196481__340.jpg,"Laptop, Office, Hand, Writing, Business",746,189,A00000364,Imgs/A00000364.jpg
https://cdn.pixabay.com/photo/2021/05/09/06/07/dog-6240043__340.jpg,"Dog, Puppy, Pet, Animal, Lonely",129,29,A00000365,Imgs/A00000365.jpg
https://cdn.pixabay.com/photo/2021/11/09/16/56/cat-6781934__340.jpg,"Cat, Pet, Feline, Animal, Fur, Kitty",58,14,A00000366,Imgs/A00000366.jpg
https://cdn.pixabay.com/photo/2022/04/09/15/26/flower-7121655__340.jpg,"Flower, Bud, Plant, Growth, Nature",7,3,A00000367,Imgs/A00000367.jpg
https://cdn.pixabay.com/photo/2022/03/06/19/19/hyacinth-7052370__340.jpg,"Hyacinth, Flower, Plant",88,75,A00000368,Imgs/A00000368.jpg
https://cdn.pixabay.com/photo/2021/08/06/23/26/lotus-6527384__340.jpg,"Lotus, Flower, Lotus Flower",100,38,A00000369,Imgs/A00000369.jpg
https://cdn.pixabay.com/photo/2022/04/01/08/37/tulip-7104352__340.jpg,Hier im Foto die Crispa Tulpe Lambada und der zweifleckige Zipfelk√§fer auf Entdeckungstour!,33,32,A00000370,Imgs/A00000370.jpg
https://cdn.pixabay.com/photo/2022/04/06/08/21/bird-7115089__340.jpg,"Bird, Bill, Ornithology, Species, Fauna",13,8,A00000371,Imgs/A00000371.jpg
https://cdn.pixabay.com/photo/2022/04/04/07/03/guitar-7110499__340.jpg,"Guitar, Instrument, Music, Musician",28,18,A00000372,Imgs/A00000372.jpg
https://cdn.pixabay.com/photo/2022/04/11/11/55/cherry-blossoms-7125566__480.jpg,"Cherry Blossoms, Sakura, Pink Flowers",3,0,A00000373,Imgs/A00000373.jpg
https://cdn.pixabay.com/photo/2022/04/11/11/57/cherry-blossoms-7125570__340.jpg,"Cherry Blossoms, Sakura, Pink Flowers",2,0,A00000374,Imgs/A00000374.jpg
https://cdn.pixabay.com/photo/2022/04/12/22/03/bird-7129041__340.jpg,"Bird, Blackbird, Ornithology, Species",1,0,A00000375,Imgs/A00000375.jpg
https://cdn.pixabay.com/photo/2022/04/12/19/34/flower-7128725__340.jpg,"Flower, Crocus, Spring, Nature, Botany",0,0,A00000376,Imgs/A00000376.jpg
https://cdn.pixabay.com/photo/2022/04/06/17/07/flowers-7115956__340.jpg,"Flowers, Blossom, Branch, Spring",19,12,A00000377,Imgs/A00000377.jpg
https://cdn.pixabay.com/photo/2022/04/11/12/54/bird-7125671__340.jpg,"Bird, Dunnock, Blossom, Spring, Nature",3,0,A00000378,Imgs/A00000378.jpg
https://cdn.pixabay.com/photo/2022/04/09/22/23/glass-7122338__340.jpg,"Glass, Water Drop Art, Glass Art, Water",3,1,A00000379,Imgs/A00000379.jpg
https://cdn.pixabay.com/photo/2022/04/10/22/02/flowers-7124374__340.jpg,"Flowers, Arboretum, Blooms, Outdoors",2,1,A00000380,Imgs/A00000380.jpg
https://cdn.pixabay.com/photo/2022/04/11/16/55/crocus-7126222__340.jpg,"Crocus, Flower, Purple Flower",2,0,A00000381,Imgs/A00000381.jpg
https://cdn.pixabay.com/photo/2022/04/05/15/05/soap-bubble-7113815__340.jpg,"Soap Bubble, Close Up, Macro, Bubble",20,14,A00000382,Imgs/A00000382.jpg
https://cdn.pixabay.com/photo/2022/04/12/21/15/succulent-7128943__340.jpg,"Succulent, Botany, Growth, Plant, Macro",1,0,A00000383,Imgs/A00000383.jpg
https://cdn.pixabay.com/photo/2022/04/09/15/13/tomatoes-7121627__340.jpg,"Tomatoes, Fruit, Food, Vegetable, Basket",1,0,A00000384,Imgs/A00000384.jpg
https://cdn.pixabay.com/photo/2022/03/26/08/25/plum-blossom-7092491__340.jpg,"Plum Blossom, Blossom, Bloom, Plum Tree",51,36,A00000385,Imgs/A00000385.jpg
https://cdn.pixabay.com/photo/2022/04/11/14/29/flowers-7125904__340.jpg,"Flowers, Tulips, Garden, Nature, Spring",3,0,A00000386,Imgs/A00000386.jpg
https://cdn.pixabay.com/photo/2022/04/03/06/16/purple-flowers-7108115__340.jpg,"Purple Flowers, Flowers, Snow, Frost",20,13,A00000387,Imgs/A00000387.jpg
https://cdn.pixabay.com/photo/2020/12/03/12/35/sunset-5800386__340.jpg,"Sunset, Mountains, Lake, Silhouette",265,47,A00000388,Imgs/A00000388.jpg
https://cdn.pixabay.com/photo/2022/01/19/08/32/melons-6949139__480.jpg,"Melons, Yellow Melons, Fruits",27,8,A00000389,Imgs/A00000389.jpg
https://cdn.pixabay.com/photo/2020/10/01/11/07/hands-5618240__340.jpg,"Hands, Soil, Plant, Environment, Growth",140,42,A00000390,Imgs/A00000390.jpg
https://cdn.pixabay.com/photo/2017/09/25/13/12/cocker-spaniel-2785074__340.jpg,white and brown cockerspaniel,1401,197,A00000391,Imgs/A00000391.jpg
https://cdn.pixabay.com/photo/2021/09/15/15/55/winter-6627210__340.jpg,"Winter, Season, Glacier, Iceberg",97,16,A00000392,Imgs/A00000392.jpg
https://cdn.pixabay.com/photo/2022/04/03/16/14/daffodil-7109335__340.jpg,"Daffodil, Yellow Flower, Easter Bell",13,7,A00000393,Imgs/A00000393.jpg
https://cdn.pixabay.com/photo/2021/10/03/03/48/living-room-6676757__340.jpg,"Living Room, Interior Design, Indoors",25,12,A00000394,Imgs/A00000394.jpg
https://cdn.pixabay.com/photo/2022/04/09/10/11/bird-7121188__340.jpg,"Bird, Pelican, Ornithology, Beak, Avian",1,2,A00000395,Imgs/A00000395.jpg
https://cdn.pixabay.com/photo/2021/09/28/18/35/anemone-6665274__340.jpg,"Anemone, Flower, White Flower, Petals",123,110,A00000396,Imgs/A00000396.jpg
https://cdn.pixabay.com/photo/2022/04/09/16/26/bird-7121802__340.jpg,"Bird, Chestnut-Sided Warbler",1,0,A00000397,Imgs/A00000397.jpg
https://cdn.pixabay.com/photo/2022/04/05/20/57/walkway-7114426__340.jpg,Add a description (optional),20,16,A00000398,Imgs/A00000398.jpg
https://cdn.pixabay.com/photo/2022/04/09/18/22/rocky-coast-7122035__340.jpg,"Rocky Coast, Sea, Waterfall, Coast",1,0,A00000399,Imgs/A00000399.jpg
https://cdn.pixabay.com/photo/2017/06/17/18/35/background-2413081__340.jpg,"Background, Beach, Beautiful, Beauty",766,141,A00000400,Imgs/A00000400.jpg
https://cdn.pixabay.com/photo/2022/02/27/16/29/flag-7037591__340.jpg,"Flag, Landmark, Ukraine, Kiev, Europe",23,11,A00000401,Imgs/A00000401.jpg
https://cdn.pixabay.com/photo/2021/09/24/10/00/chick-6652163__340.jpg,"Chick, Chicken, Hand, Bird, Baby Chicken",104,32,A00000402,Imgs/A00000402.jpg
https://cdn.pixabay.com/photo/2022/04/11/08/08/river-7125068__340.jpg,"River, Trees, Forest, Mountains, Water",3,1,A00000403,Imgs/A00000403.jpg
https://cdn.pixabay.com/photo/2021/11/04/14/54/burning-candles-6768469__340.jpg,"Burning Candles, Candlestick, Night",55,31,A00000404,Imgs/A00000404.jpg
https://cdn.pixabay.com/photo/2021/09/09/21/04/fairy-lights-6611595__480.jpg,"Fairy Lights, Book, Cozy, Fairy Lights",68,13,A00000405,Imgs/A00000405.jpg
https://cdn.pixabay.com/photo/2022/04/04/07/33/architecture-7110562__340.jpg,"Architecture, Balcony, Statue, Facade",22,14,A00000406,Imgs/A00000406.jpg
https://cdn.pixabay.com/photo/2019/10/06/10/03/team-4529717__340.jpg,"Team, Friendship, Group, Hands",377,86,A00000407,Imgs/A00000407.jpg
https://cdn.pixabay.com/photo/2021/11/02/10/46/lemur-6762935__340.jpg,"Lemur, Animal, Wilderness, Nature",83,11,A00000408,Imgs/A00000408.jpg
https://cdn.pixabay.com/photo/2022/01/09/10/28/ferris-wheel-6925693__340.jpg,"Ferris Wheel, Amusement Park Ride",37,6,A00000409,Imgs/A00000409.jpg
https://cdn.pixabay.com/photo/2022/04/06/08/22/bird-7115092__340.jpg,"Bird, Bill, Ornithology, Species, Fauna",9,8,A00000410,Imgs/A00000410.jpg
https://cdn.pixabay.com/photo/2022/04/08/10/47/selva-di-cadore-7119264__340.jpg,"Selva Di Cadore, Village, Dolomites",3,2,A00000411,Imgs/A00000411.jpg
https://cdn.pixabay.com/photo/2022/03/28/20/17/sunset-7098273__340.jpg,"Sunset, Nature, Landscape, Sun, Trees",38,34,A00000412,Imgs/A00000412.jpg
https://cdn.pixabay.com/photo/2022/03/26/05/18/port-7092233__340.jpg,"Port, Thessaloniki, Greece, Cargo, Ship",52,46,A00000413,Imgs/A00000413.jpg
https://cdn.pixabay.com/photo/2021/12/28/15/19/fire-6899543__340.jpg,"Fire, Flame, Match, Burn, Smoke, Fire",42,8,A00000414,Imgs/A00000414.jpg
https://cdn.pixabay.com/photo/2022/04/04/01/21/hibiscus-7110145__340.jpg,"Hibiscus, Flower, Dewdrops, Raindrops",13,3,A00000415,Imgs/A00000415.jpg
https://cdn.pixabay.com/photo/2022/03/31/14/17/animal-7103116__340.jpg,"Animal, Squirrel, Eating, Species, Fauna",26,19,A00000416,Imgs/A00000416.jpg
https://cdn.pixabay.com/photo/2022/03/30/19/06/leaves-7101716__340.jpg,"Leaves, Red Leaves, Pink, Flora",22,30,A00000417,Imgs/A00000417.jpg
https://cdn.pixabay.com/photo/2022/04/12/15/57/pxclimateaction-7128270__340.jpg,"Pxclimateaction, Grain Field, Hand",8,6,A00000418,Imgs/A00000418.jpg
https://cdn.pixabay.com/photo/2022/04/09/10/25/bird-7121213__340.jpg,"Bird, Zebra Dove, Ornithology, Species",1,0,A00000419,Imgs/A00000419.jpg
https://cdn.pixabay.com/photo/2022/04/08/05/54/cat-7118740__480.jpg,"Cat, Kitten, Fur, Feline, Whiskers, Pet",7,7,A00000420,Imgs/A00000420.jpg
https://cdn.pixabay.com/photo/2022/04/04/17/58/blossom-7111984__340.jpg,"Blossom, Bloom, Snow Crystals",19,14,A00000421,Imgs/A00000421.jpg
https://cdn.pixabay.com/photo/2022/04/06/14/23/frangi-pani-7115653__340.jpg,"Frangi Pani, Plumerias, Flowers",7,10,A00000422,Imgs/A00000422.jpg
https://cdn.pixabay.com/photo/2022/03/19/11/23/pforphoto-7078346__340.jpg,Eingeparkt,49,38,A00000423,Imgs/A00000423.jpg
https://cdn.pixabay.com/photo/2022/03/29/17/26/chicken-7099837__340.jpg,"Chicken, Poultry, Farm Yard, Meadow",37,32,A00000424,Imgs/A00000424.jpg
https://cdn.pixabay.com/photo/2019/03/12/12/47/people-4050698__340.jpg,"People, Friends, Together, Happy, Kid",461,135,A00000425,Imgs/A00000425.jpg
https://cdn.pixabay.com/photo/2022/04/07/18/54/men-7118163__340.jpg,"Men, Beach, Sunset, Summer, Vacation",9,6,A00000426,Imgs/A00000426.jpg
https://cdn.pixabay.com/photo/2021/01/27/07/19/baby-5953965__340.jpg,"Baby, Read, Play, Reading, Playing, Toys",218,39,A00000427,Imgs/A00000427.jpg
https://cdn.pixabay.com/photo/2022/03/27/12/44/chongqing-7094942__340.jpg,"Chongqing, China, City, Hongyadong",4,0,A00000428,Imgs/A00000428.jpg
https://cdn.pixabay.com/photo/2022/01/19/05/28/flowers-6948806__340.jpg,"Flowers, Wildflowers, Meadow, Nature",48,18,A00000429,Imgs/A00000429.jpg
https://cdn.pixabay.com/photo/2021/08/21/07/55/croissant-6562091__340.jpg,"Croissant, Bread, Pastry, Breakfast",63,18,A00000430,Imgs/A00000430.jpg
https://cdn.pixabay.com/photo/2021/12/19/15/18/christmas-stars-6881348__340.jpg,"Christmas Stars, Cookies, Dough, Flour",72,59,A00000431,Imgs/A00000431.jpg
https://cdn.pixabay.com/photo/2022/02/21/21/18/animal-7027636__340.jpg,"Animal, Baby Mouse, Rodent, Mouse, Daisy",47,18,A00000432,Imgs/A00000432.jpg
https://cdn.pixabay.com/photo/2021/10/05/16/53/kimono-6683245__340.jpg,"Kimono, Costume, Shrine, Prayer, Worship",62,9,A00000433,Imgs/A00000433.jpg
https://cdn.pixabay.com/photo/2022/01/10/15/30/castle-6928593__340.jpg,"Castle, Fantasy, Night, Star, Historical",111,87,A00000434,Imgs/A00000434.jpg
https://cdn.pixabay.com/photo/2022/03/31/09/50/abstract-7102657__480.jpg,"Abstract, Arch, Background, Blue, Bright",7,0,A00000435,Imgs/A00000435.jpg
https://cdn.pixabay.com/photo/2021/10/25/08/55/nature-6740243__340.jpg,"Nature, Travel, Exploration, Adventure",58,7,A00000436,Imgs/A00000436.jpg
https://cdn.pixabay.com/photo/2022/04/09/15/13/pie-7121630__340.jpg,"Pie, Pastry, Food, Gourmet, Baked Goods",2,0,A00000437,Imgs/A00000437.jpg
https://cdn.pixabay.com/photo/2022/04/10/00/09/flower-7122467__340.jpg,"Flower, Plant, Shrub, Garden Flower",3,1,A00000438,Imgs/A00000438.jpg
https://cdn.pixabay.com/photo/2022/04/09/18/33/lily-7122062__340.jpg,"Lily, Flower, Plant, Lilac",2,0,A00000439,Imgs/A00000439.jpg
https://cdn.pixabay.com/photo/2022/04/05/16/10/flowers-7113979__340.jpg,"Flowers, Bouquet, Bloom, Blossom, Botany",17,6,A00000440,Imgs/A00000440.jpg
https://cdn.pixabay.com/photo/2022/04/02/08/24/helmetlings-7106530__340.jpg,"Helmetlings, Mushrooms, Forest, Nature",19,12,A00000441,Imgs/A00000441.jpg
https://cdn.pixabay.com/photo/2022/04/11/20/56/bird-7126616__340.jpg,"Bird, Goose, Grey Goose, Plumage, Beak",2,0,A00000442,Imgs/A00000442.jpg
https://cdn.pixabay.com/photo/2022/04/09/14/39/nature-7121561__340.jpg,"Nature, Landscape, Tree, Meadow, Field",2,0,A00000443,Imgs/A00000443.jpg
https://cdn.pixabay.com/photo/2022/04/12/10/37/bird-7127709__340.jpg,"Bird, Robin, Ornithology, Species, Fauna",0,0,A00000444,Imgs/A00000444.jpg
https://cdn.pixabay.com/photo/2022/04/11/08/43/forest-7125257__340.jpg,"Forest, Snow, Woods, Trees, Nature",1,0,A00000445,Imgs/A00000445.jpg
https://cdn.pixabay.com/photo/2022/02/04/13/44/chicken-6992752__340.jpg,"Chicken, Cock, Bird, Rooster, Poultry",84,73,A00000446,Imgs/A00000446.jpg
https://cdn.pixabay.com/photo/2021/08/04/10/21/lake-6521474__340.jpg,"Lake, Pathway, Field, Meadow, Tourists",68,10,A00000447,Imgs/A00000447.jpg
https://cdn.pixabay.com/photo/2022/04/09/21/02/church-7122275__340.jpg,"Church, Mountains, Landscape, Path",3,0,A00000448,Imgs/A00000448.jpg
https://cdn.pixabay.com/photo/2020/05/06/06/18/blue-5136251__340.jpg,"Blue, Sky, Fresh, Clean, Air, Cloud",218,46,A00000449,Imgs/A00000449.jpg
https://cdn.pixabay.com/photo/2021/11/17/16/55/office-6804135__340.jpg,"Office, Home Office, Interior Design",13,0,A00000450,Imgs/A00000450.jpg
https://cdn.pixabay.com/photo/2022/04/02/14/49/grill-7107159__480.jpg,"Grill, Bratwurst, Sausage, Barbeque",24,11,A00000451,Imgs/A00000451.jpg
https://cdn.pixabay.com/photo/2022/04/07/15/47/gosling-7117760__340.jpg,"Gosling, Bird, Waterfowl, Chick",7,4,A00000452,Imgs/A00000452.jpg
https://cdn.pixabay.com/photo/2022/04/06/18/45/flower-7116120__340.jpg,"Flower, Crocus, Insect, Spring, Violet",9,5,A00000453,Imgs/A00000453.jpg
https://cdn.pixabay.com/photo/2017/11/15/13/27/river-2951997__340.jpg,"River, Bach, Long Exposure, Atmospheric",837,145,A00000454,Imgs/A00000454.jpg
https://cdn.pixabay.com/photo/2022/01/02/08/47/animal-6909689__340.jpg,"Animal, Mammal, Wild Boar, Pig, Species",59,14,A00000455,Imgs/A00000455.jpg
https://cdn.pixabay.com/photo/2022/03/29/18/21/star-magnolia-7099920__340.jpg,"Star Magnolia, Magnolia, Magnolia Flower",34,34,A00000456,Imgs/A00000456.jpg
https://cdn.pixabay.com/photo/2022/03/30/06/54/daffodil-7100617__340.jpg,"Daffodil, Flower, Plant, Yellow Flower",26,8,A00000457,Imgs/A00000457.jpg
https://cdn.pixabay.com/photo/2017/11/07/00/07/fantasy-2925250__340.jpg,"Fantasy, Walker, Sculpture, Monument",2733,371,A00000458,Imgs/A00000458.jpg
https://cdn.pixabay.com/photo/2018/11/09/08/08/forest-3804001__340.jpg,"Forest, Woods, Autumn, Nature, Landscape",809,126,A00000459,Imgs/A00000459.jpg
https://cdn.pixabay.com/photo/2021/10/26/19/44/field-6745014__340.jpg,"Field, Tree, Tractor Tracks, Meadow",59,12,A00000460,Imgs/A00000460.jpg
https://cdn.pixabay.com/photo/2014/09/14/18/04/dandelion-445228__340.jpg,shallow focus photo of flowers,3087,699,A00000461,Imgs/A00000461.jpg
https://cdn.pixabay.com/photo/2021/06/29/18/55/mountain-slope-6374980__340.jpg,"Mountain Slope, Hill, Landscape",160,34,A00000462,Imgs/A00000462.jpg
https://cdn.pixabay.com/photo/2022/03/29/10/53/flowers-7099239__340.jpg,"Flowers, Hyacinths, Bloom, Blossom",41,61,A00000463,Imgs/A00000463.jpg
https://cdn.pixabay.com/photo/2019/10/19/16/30/poverty-4561704__480.jpg,grayscale photography of human holding coins,480,113,A00000464,Imgs/A00000464.jpg
https://cdn.pixabay.com/photo/2021/08/16/14/57/fountain-6550493__340.jpg,"Fountain, Splash, Flow, Water, Wet",62,16,A00000465,Imgs/A00000465.jpg
https://cdn.pixabay.com/photo/2022/03/24/19/57/bird-7089785__340.jpg,"Bird, Canada Goose, Ornithology, Species",45,41,A00000466,Imgs/A00000466.jpg
https://cdn.pixabay.com/photo/2022/03/27/11/22/great-tit-7094803__340.jpg,Add a description (optional),41,34,A00000467,Imgs/A00000467.jpg
https://cdn.pixabay.com/photo/2016/11/06/05/36/lake-1802337__340.jpg,"Lake, Sunset, Rocks, Bank, Conifers",1706,218,A00000468,Imgs/A00000468.jpg
https://cdn.pixabay.com/photo/2022/04/07/07/28/marguerite-7116998__340.jpg,"Marguerite, Flower, Yellow Flower",6,2,A00000469,Imgs/A00000469.jpg
https://cdn.pixabay.com/photo/2021/10/18/18/07/tree-6721755__340.jpg,Colorful Light Shines Through The Fog,53,19,A00000470,Imgs/A00000470.jpg
https://cdn.pixabay.com/photo/2022/03/29/03/40/food-7098703__340.jpg,"Food, Pizza, Italian Cuisine, Cook",7,0,A00000471,Imgs/A00000471.jpg
https://cdn.pixabay.com/photo/2021/11/20/10/40/nature-6811404__340.jpg,"Nature, Icicles, Snow, Winter, Season",55,0,A00000472,Imgs/A00000472.jpg
https://cdn.pixabay.com/photo/2022/04/09/01/11/common-heron-7120567__340.jpg,"Common Heron, Birds, Animal, Food, Hunt",2,2,A00000473,Imgs/A00000473.jpg
https://cdn.pixabay.com/photo/2021/12/13/21/43/drummer-6869168__340.jpg,"Drummer, Drums, Concert, Performance",27,8,A00000474,Imgs/A00000474.jpg
https://cdn.pixabay.com/photo/2022/03/30/20/16/hazelnut-7101787__340.jpg,"Hazelnut, Hazel, Hazel Tree, Buds",35,29,A00000475,Imgs/A00000475.jpg
https://cdn.pixabay.com/photo/2021/10/11/08/47/new-year-6699806__340.jpg,"New Year, New Beginnings, 2022",28,8,A00000476,Imgs/A00000476.jpg
https://cdn.pixabay.com/photo/2022/04/07/14/57/horse-7117688__340.jpg,"Horse, Brown Horse, Farm Animal, Equine",4,3,A00000477,Imgs/A00000477.jpg
https://cdn.pixabay.com/photo/2022/04/07/17/52/flower-7118075__480.jpg,"Flower, Red Flower, Nature, Spring",8,5,A00000478,Imgs/A00000478.jpg
https://cdn.pixabay.com/photo/2022/04/03/16/47/roses-7109418__340.jpg,"Roses, Bouquet, Flowers, Two-Tone Roses",10,4,A00000479,Imgs/A00000479.jpg
https://cdn.pixabay.com/photo/2022/04/06/17/15/flowers-7115966__340.jpg,"Flowers, Magnolia, Bloom, Blossom",3,0,A00000480,Imgs/A00000480.jpg
https://cdn.pixabay.com/photo/2022/04/08/00/25/plane-7118491__340.jpg,"Plane, Aviation, Show, Aircraft, Engine",3,0,A00000481,Imgs/A00000481.jpg
https://cdn.pixabay.com/photo/2021/09/16/21/15/bitcoin-6631099__340.jpg,"Bitcoin, Cryptocurrency, Blockchain",20,4,A00000482,Imgs/A00000482.jpg
https://cdn.pixabay.com/photo/2022/04/09/13/35/living-room-7121425__340.jpg,"Living Room, Sitting Room",0,0,A00000483,Imgs/A00000483.jpg
https://cdn.pixabay.com/photo/2022/03/23/06/37/bird-7086505__340.jpg,"Bird, Heron, Beak, Head, Feathers",38,32,A00000484,Imgs/A00000484.jpg
https://cdn.pixabay.com/photo/2022/04/06/17/35/flowers-7115991__340.jpg,"Flowers, Violet Flowers, Pansies, Garden",7,4,A00000485,Imgs/A00000485.jpg
https://cdn.pixabay.com/photo/2022/03/31/10/03/bumblebee-7102679__340.jpg,Aufgenommen am 27.3.2022,38,31,A00000486,Imgs/A00000486.jpg
https://cdn.pixabay.com/photo/2022/04/09/07/16/cat-7120927__340.jpg,"Cat, Black Cat, Pet, Feline, Animal",1,0,A00000487,Imgs/A00000487.jpg
https://cdn.pixabay.com/photo/2013/07/21/13/00/rose-165819__340.jpg,purple petal flower,2454,590,A00000488,Imgs/A00000488.jpg
https://cdn.pixabay.com/photo/2022/03/27/19/44/siberian-squill-7095979__340.jpg,"Siberian Squill, Flowers, Plant, Petals",36,38,A00000489,Imgs/A00000489.jpg
https://cdn.pixabay.com/photo/2017/11/29/09/15/paint-2985569__340.jpg,red yellow and white abstract painting,2061,264,A00000490,Imgs/A00000490.jpg
https://cdn.pixabay.com/photo/2022/02/20/11/40/kingfisher-7024395__340.jpg,"Kingfisher, Bird, Branch, Animal",86,72,A00000491,Imgs/A00000491.jpg
https://cdn.pixabay.com/photo/2018/05/12/17/41/forest-3394066__340.jpg,"Forest, Fog, Woods, Trees, Mystical",1162,193,A00000492,Imgs/A00000492.jpg
https://cdn.pixabay.com/photo/2022/04/08/23/46/flower-7120511__480.jpg,"Flower, Zinnia Elegan, Flora, Botany",5,2,A00000493,Imgs/A00000493.jpg
https://cdn.pixabay.com/photo/2022/01/02/13/05/fantasy-6910041__340.jpg,"Fantasy, Elf, Birds, Paradise",52,20,A00000494,Imgs/A00000494.jpg
https://cdn.pixabay.com/photo/2021/05/22/01/47/mountains-6272362__340.jpg,"Mountains, Snow, Peak, Summit",64,9,A00000495,Imgs/A00000495.jpg
https://cdn.pixabay.com/photo/2022/04/08/21/15/bird-7120308__340.jpg,"Bird, Coscoroba Swan, Ornithology",4,1,A00000496,Imgs/A00000496.jpg
https://cdn.pixabay.com/photo/2022/03/23/02/52/flower-7086315__340.jpg,"Flower, Crocus, Blossom, Bloom, Botany",52,44,A00000497,Imgs/A00000497.jpg
https://cdn.pixabay.com/photo/2018/11/06/14/01/couple-3798371__340.jpg,"Couple, Love, Outdoors, Pair, Park",1333,186,A00000498,Imgs/A00000498.jpg
https://cdn.pixabay.com/photo/2022/04/04/17/58/blossom-7111983__340.jpg,"Blossom, Bloom, Snow Crystals",17,10,A00000499,Imgs/A00000499.jpg
https://cdn.pixabay.com/photo/2021/05/30/13/06/lake-6295829__340.jpg,"Lake, Mountains, Snow, Water, Snowy",96,13,A00000500,Imgs/A00000500.jpg
https://cdn.pixabay.com/photo/2022/02/11/12/12/pforphoto-7007231__340.jpg,Wo ist Anfang wo ist Ende?,56,39,A00000501,Imgs/A00000501.jpg
https://cdn.pixabay.com/photo/2020/07/11/23/36/meeting-5395615__340.jpg,"Meeting, Workplace, Team, Office, Group",99,28,A00000502,Imgs/A00000502.jpg
https://cdn.pixabay.com/photo/2022/02/27/17/05/peace-7037652__340.jpg,&quot;All we are saying is give peace a chance.&quot; (John Lennon),46,35,A00000503,Imgs/A00000503.jpg
https://cdn.pixabay.com/photo/2022/04/09/19/04/daffodils-7122094__340.jpg,"Daffodils, Flowers, Plant",5,1,A00000504,Imgs/A00000504.jpg
https://cdn.pixabay.com/photo/2022/03/18/20/32/gerbera-7077394__340.jpg,"Gerbera, Daisy, Flowers, Orange Daisy",63,57,A00000505,Imgs/A00000505.jpg
https://cdn.pixabay.com/photo/2022/04/08/14/42/tulips-7119618__340.jpg,"Tulips, Flowers, Field, Spring",4,0,A00000506,Imgs/A00000506.jpg
https://cdn.pixabay.com/photo/2022/04/04/16/25/business-7111768__340.jpg,"Business, Handshake, Business Deal",1,0,A00000507,Imgs/A00000507.jpg
https://cdn.pixabay.com/photo/2022/04/10/16/34/bird-7123763__480.jpg,"Bird, Crane, Water, Everglades",2,2,A00000508,Imgs/A00000508.jpg
https://cdn.pixabay.com/photo/2020/08/09/11/31/business-5475283__340.jpg,"Business, Bar, Restaurant, Shield",140,31,A00000509,Imgs/A00000509.jpg
https://cdn.pixabay.com/photo/2022/04/11/06/25/canoe-7124906__340.jpg,"Canoe, Sunset, Beach, Sea, Ocean",1,0,A00000510,Imgs/A00000510.jpg
https://cdn.pixabay.com/photo/2021/08/23/08/25/leaves-6567141__340.jpg,"Leaves, Ginkgo, Botany, Plants, Bush",68,15,A00000511,Imgs/A00000511.jpg
https://cdn.pixabay.com/photo/2022/04/03/22/58/hibiscus-7110010__340.jpg,"Hibiscus, Flowers, Plant, Petals, Bloom",10,14,A00000512,Imgs/A00000512.jpg
https://cdn.pixabay.com/photo/2022/03/21/20/10/soup-7083894__340.jpg,"Soup, Kohlrabi, Hot Food, Dish",44,35,A00000513,Imgs/A00000513.jpg
https://cdn.pixabay.com/photo/2021/07/20/04/17/tasmanian-devil-6479685__340.jpg,"Tasmanian Devil, Marsupial, Wildlife",222,218,A00000514,Imgs/A00000514.jpg
https://cdn.pixabay.com/photo/2021/01/29/06/28/marguerite-5959944__340.jpg,"Marguerite, White, Flower, Daisy, Plant",304,152,A00000515,Imgs/A00000515.jpg
https://cdn.pixabay.com/photo/2022/04/05/07/42/cherry-blossoms-7112990__340.jpg,—Å–∞–∫—É—Ä–∞,7,5,A00000516,Imgs/A00000516.jpg
https://cdn.pixabay.com/photo/2022/02/17/05/57/leaves-7018017__340.jpg,"Leaves, Macro, Frost, Garden, Plant",30,13,A00000517,Imgs/A00000517.jpg
https://cdn.pixabay.com/photo/2022/04/10/19/33/house-7124141__340.jpg,"House, Building, Balconies, Apartments",6,1,A00000518,Imgs/A00000518.jpg
https://cdn.pixabay.com/photo/2022/04/12/12/41/spring-7127911__340.jpg,"Spring, Cherry Blossom, Spring Flowers",0,0,A00000519,Imgs/A00000519.jpg
https://cdn.pixabay.com/photo/2022/03/12/15/36/daffodil-7064409__340.jpg,"Daffodil, Narcissus, Yellow Daffodil",64,65,A00000520,Imgs/A00000520.jpg
https://cdn.pixabay.com/photo/2021/10/16/08/41/animal-6714423__340.jpg,"Animal, Elephant, Fauna, Species, Africa",86,18,A00000521,Imgs/A00000521.jpg
https://cdn.pixabay.com/photo/2022/04/11/12/29/sunset-7125617__340.jpg,"Sunset, Volga Region, Nature, Sky",1,0,A00000522,Imgs/A00000522.jpg
https://cdn.pixabay.com/photo/2022/04/09/16/23/flora-7121768__340.jpg,"Flora, Water Lily, Wildflower, Pond",2,0,A00000523,Imgs/A00000523.jpg
https://cdn.pixabay.com/photo/2021/12/11/19/21/breakfast-6863479__480.jpg,"Breakfast, Drink, Coffee, Caffeine",30,5,A00000524,Imgs/A00000524.jpg
https://cdn.pixabay.com/photo/2022/04/07/19/16/chicken-7118192__340.jpg,"Chicken, Rooster, Poultry, Bird",5,2,A00000525,Imgs/A00000525.jpg
https://cdn.pixabay.com/photo/2021/07/22/01/01/parrot-6484206__340.jpg,"Parrot, Bird, Perched, Animal, Colorful",149,145,A00000526,Imgs/A00000526.jpg
https://cdn.pixabay.com/photo/2022/02/23/12/03/fishing-boats-7030597__340.jpg,"Fishing Boats, Port, The Baltic Sea",64,88,A00000527,Imgs/A00000527.jpg
https://cdn.pixabay.com/photo/2022/02/20/00/45/easter-basket-7023539__340.jpg,"Easter Basket, Easter, Flowers, Spring",83,74,A00000528,Imgs/A00000528.jpg
https://cdn.pixabay.com/photo/2021/10/06/08/34/seagull-6685075__340.jpg,"Seagull, Bird, Perched, Animal, Feathers",53,10,A00000529,Imgs/A00000529.jpg
