title,views,description,video_id,url
A Day in the Life at IIT: Struggles & Successes ğŸ“ || Meet Apoorva GATE AIR 20,994 views,"Watch Full Video: - â€¢Â LifeÂ atÂ IIT:Â Struggles,Â SuccessesÂ &Â E... Don't wait no more, and explore the GATE programs that are on offer now: https://gfgcdn.com/tu/U4T/ Ever wondered what a day in the life of an IITian looks like? In this video, we take you through the highs and lows of daily life at IIT, featuring Apoorva, who secured GATE AIR 20! From challenging academics to moments of success, watch as Apoorva shares their journey, struggles, and triumphs. Whether you're aiming for IIT or just curious about student life, this video gives you an inside look into the reality. Donâ€™t forget to like, comment, and subscribe for more inspiring stories! ğŸ“ğŸ”¥ğŸ’¡ #iitlife  #gatesuccess  #studentjourney  #IITStruggles  #successstory  #gatepreparation  #iitmotivation  #engineeringlife  #gateexam  #gatestudyplan  #gate2025 Watch Full Video: - â€¢Â LifeÂ atÂ IIT:Â Struggles,Â SuccessesÂ &Â E... Don't wait no more, and explore the GATE programs that are on offer now: https://gfgcdn.com/tu/U4T/ Ever wondered what a day in the life of an IITian looks like? In this video, we take you through the highs and lows of daily life at IIT, featuring Apoorva, who secured GATE AIR 20! From challenging academics to moments of success, watch as Apoorva shares their journey, struggles, and triumphs. Whether you're aiming for IIT or just curious about student life, this video gives you an inside look into the reality. Donâ€™t forget to like, comment, and subscribe for more inspiring stories! ğŸ“ğŸ”¥ğŸ’¡ #iitlife  #gatesuccess  #studentjourney  #IITStruggles  #successstory  #gatepreparation  #iitmotivation  #engineeringlife  #gateexam  #gatestudyplan  #gate2025 Watch Full Video: - â€¢Â LifeÂ atÂ IIT:Â Struggles,Â SuccessesÂ &Â E... Don't wait no more, and explore the GATE programs that are on offer now: https://gfgcdn.com/tu/U4T/",,https://www.youtube.com/watch?v=Ioj_XA-_jIY
,,,,https://www.youtube.com/watch?v=aWjFPloGYmg
,,,,https://www.youtube.com/watch?v=Tcmo0fSCAJQ
Which Programming Language should you learn in 2025 ? | *Free Resources Inside*,1.5K views,"Start the challenge now: https://gfgcdn.com/tu/U4a/ Resources:- https://docs.google.com/document/d/1R... Which Programming Language Should You Choose in 2025?
With new frameworks and technologies springing up every year, deciding on a programming language might feel overwhelming. However, 2025 brings a few front-runners to the spotlight:

Python remains top-tier for AI, data science, web development, and its vast ecosystem of libraries.
JavaScript/TypeScript drive the modern web forward, powering dynamic front-ends and robust back-ends (Node.js).

Go (Golang) gains traction for its concurrency features, scalability, and simplicity in building microservices and cloud applications.

Java continues to be a reliable workhorse in enterprise, Android app development, and large-scale systems.

Kotlin is a strong choice for Android development and is recognized by Google as the go-to for mobile apps. 0:00 Start 1:03 Web Dev 2:39 Game Dev 3:35 AI And ML 4:23 App Dev 5:15 Embedded System 5:50 Blockchain 6:26 DevOps

Ultimately, picking the right language depends on your target industry, the community support you need, and your personal interest. If youâ€™re aiming for AI or data science, learning Python might boost your opportunities. Interested in high-speed or low-level applications? Rust or Go could be the future. Web dev enthusiasts can always benefit from advanced JavaScript/TypeScript skills. Whichever path you choose, mastering problem-solving skills and core concepts will keep you agile in the ever-changing tech world!

Welcome to the Three 90 Challenge by GeeksforGeeks!

âœ… Complete 90% of your course in 90 days
âœ… Get 90% of your fee refunded!

Yes, you read that right! Over â‚¹5 CRORE in refunds processed already, and YOURS could be next.

Start the challenge now: https://gfgcdn.com/tu/U4a/ Follow us for more tips, knowledge, and resources:

ğŸ“± Download GeeksforGeeks' Official App: https://play.google.com/store/apps/de... ğŸ’¬ Twitter: /Â geeksforgeeks ğŸ§‘â€ğŸ’¼ LinkedIn: /Â geeksforgeeks ğŸ“· Instagram: /Â geeks_for_geeks ğŸ’Œ Telegram: https://t.me/geeksforgeeks_official ğŸ“Œ Pinterest: /Â geeksforgeeks ğŸ® Discord: /Â discord Tags & Hashtags:
GfG, GeeksforGeeks, Programming2025, TechTrends, Python, JavaScript, TypeScript, Golang, Rust, Kotlin, Java, WebDev, AI, DataScience, MobileApps, Backend, Frontend, Coding, TechCareers, GFGCourses, GFGLearning, GFGCommunity, GFGDaily, GFGLive #GfG  #GeeksforGeeks  #Programming  #Python  #JavaScript  #TypeScript  #Go  #Rust  #Kotlin  #Java  #CodeNewbie  #TechTrends  #2025  #GFGDaily  #GFGCommunity  #GFGCourses  #CareerPaths  #AI  #DataScience  #WebDev  #MobileDev  #BackendDev  #FutureTech Start the challenge now: https://gfgcdn.com/tu/U4a/ Resources:- https://docs.google.com/document/d/1R... Which Programming Language Should You Choose in 2025?
With new frameworks and technologies springing up every year, deciding on a programming language might feel overwhelming. However, 2025 brings a few front-runners to the spotlight:

Python remains top-tier for AI, data science, web development, and its vast ecosystem of libraries.
JavaScript/TypeScript drive the modern web forward, powering dynamic front-ends and robust back-ends (Node.js).

Go (Golang) gains traction for its concurrency features, scalability, and simplicity in building microservices and cloud applications.

Java continues to be a reliable workhorse in enterprise, Android app development, and large-scale systems.

Kotlin is a strong choice for Android development and is recognized by Google as the go-to for mobile apps. 0:00 Start 1:03 Web Dev 2:39 Game Dev 3:35 AI And ML 4:23 App Dev 5:15 Embedded System 5:50 Blockchain 6:26 DevOps

Ultimately, picking the right language depends on your target industry, the community support you need, and your personal interest. If youâ€™re aiming for AI or data science, learning Python might boost your opportunities. Interested in high-speed or low-level applications? Rust or Go could be the future. Web dev enthusiasts can always benefit from advanced JavaScript/TypeScript skills. Whichever path you choose, mastering problem-solving skills and core concepts will keep you agile in the ever-changing tech world!

Welcome to the Three 90 Challenge by GeeksforGeeks!

âœ… Complete 90% of your course in 90 days
âœ… Get 90% of your fee refunded!

Yes, you read that right! Over â‚¹5 CRORE in refunds processed already, and YOURS could be next.

Start the challenge now: https://gfgcdn.com/tu/U4a/ Follow us for more tips, knowledge, and resources:

ğŸ“± Download GeeksforGeeks' Official App: https://play.google.com/store/apps/de... ğŸ’¬ Twitter: /Â geeksforgeeks ğŸ§‘â€ğŸ’¼ LinkedIn: /Â geeksforgeeks ğŸ“· Instagram: /Â geeks_for_geeks ğŸ’Œ Telegram: https://t.me/geeksforgeeks_official ğŸ“Œ Pinterest: /Â geeksforgeeks ğŸ® Discord: /Â discord Tags & Hashtags:
GfG, GeeksforGeeks, Programming2025, TechTrends, Python, JavaScript, TypeScript, Golang, Rust, Kotlin, Java, WebDev, AI, DataScience, MobileApps, Backend, Frontend, Coding, TechCareers, GFGCourses, GFGLearning, GFGCommunity, GFGDaily, GFGLive #GfG  #GeeksforGeeks  #Programming  #Python  #JavaScript  #TypeScript  #Go  #Rust  #Kotlin  #Java  #CodeNewbie  #TechTrends  #2025  #GFGDaily  #GFGCommunity  #GFGCourses  #CareerPaths  #AI  #DataScience  #WebDev  #MobileDev  #BackendDev  #FutureTech Start the challenge now: https://gfgcdn.com/tu/U4a/ Resources:- https://docs.google.com/document/d/1R... Luxury 2,3, 4 & 4.5 Beds in South Mumbai World-Class Project by Piramal Realty at Mahalaxmi, South Mumbai. Enquire Now.",,https://www.youtube.com/watch?v=qduULN56XGk
