img_link,tags,likes,comments
https://cdn.pixabay.com/photo/2022/03/06/05/30/clouds-7050884__480.jpg,"['Blue', 'Sky', 'Sky,', 'Atmosphere,', 'Clouds,']",196,55
https://cdn.pixabay.com/photo/2022/04/07/11/45/bird-7117346__340.jpg,"['Hummingbird', 'Bird,', 'Ornithology,']",76,20
https://cdn.pixabay.com/photo/2022/02/28/15/28/sea-7039471__340.jpg,"['Sea,', 'Subtropical', 'Rainfall,', 'Rainbow,']",282,106
https://cdn.pixabay.com/photo/2022/04/04/02/52/cherry-blossoms-7110279__340.jpg,"['Japan,', 'Blossoms,', 'Cherry', 'Sakura', 'Road,']",42,11
https://cdn.pixabay.com/photo/2022/04/09/18/06/cape-marguerite-7121992__340.jpg,"['Marguerite,', 'Plant', 'Flower,', 'Cape']",39,15
https://cdn.pixabay.com/photo/2021/11/13/23/06/tree-6792528__340.jpg,"['Rest', 'Under', 'Tree', 'The', 'Relaxing']",522,108
https://cdn.pixabay.com/photo/2022/04/07/02/56/cottontail-rabbit-7116707__340.jpg,"['Rabbit,', 'Wild', 'Cottontail', 'Grass']",51,10
https://cdn.pixabay.com/photo/2022/03/19/21/11/crocus-7079550__340.jpg,"['Spring,', 'Plant', 'Flowers,', 'Crocus,']",135,44
https://cdn.pixabay.com/photo/2022/04/09/17/30/coffee-7121939__340.jpg,"['Table', 'Caf√©,', 'Vacation,', 'Drink,', 'Coffee,']",26,5
https://cdn.pixabay.com/photo/2022/03/25/19/24/waterfall-7091641__340.jpg,"['Epic,', 'Fall,', 'Light', 'Nature,', 'Waterfall,']",96,21
https://cdn.pixabay.com/photo/2021/08/25/20/42/field-6574455__340.jpg,"['Nature', 'Dawn,', 'Sunrise,', 'Morning,', 'Field,']",807,131
https://cdn.pixabay.com/photo/2022/04/04/18/03/bird-7111988__340.jpg,"['Birdwatching,', 'Bird,', 'Robin,', 'Animal']",69,19
https://cdn.pixabay.com/photo/2022/04/04/07/58/seedlings-7110591__340.jpg,"['Bloom', 'Seedlings,', 'Flowers,', 'Soil,', 'Spring']",42,9
https://cdn.pixabay.com/photo/2022/03/23/21/27/road-7087957__340.jpg,"['Hills', 'Road,', 'Highway,', 'Countryside,']",53,14
https://cdn.pixabay.com/photo/2022/03/27/15/03/cityscape-7095358__340.jpg,"['City', 'Monochrome,', 'Cityscape,', 'Bridge,']",45,13
https://cdn.pixabay.com/photo/2022/03/25/17/54/sakura-7091532__340.jpg,"['Blossoms,', 'Spring,', 'Cherry', 'Sakura,', 'Water']",70,12
https://cdn.pixabay.com/photo/2022/04/01/19/03/background-7105471__480.jpg,"['Background,', 'Art', 'Eggs,', 'Template,', 'Easter,']",5,2
https://cdn.pixabay.com/photo/2022/01/31/12/46/bird-6983434__340.jpg,"['Species', 'Indian', 'Chat,', 'Bird,', 'Ornithology,']",171,53
https://cdn.pixabay.com/photo/2022/01/18/16/49/town-6947538__340.jpg,"['Night,', 'Season', 'Village,', 'Winter,', 'Town,']",109,15
https://cdn.pixabay.com/photo/2022/04/09/17/42/flower-7121955__340.jpg,"['Bloom', 'Blossom,', 'Viola,', 'Flower,', 'Pansy,']",55,36
https://cdn.pixabay.com/photo/2021/08/30/21/29/port-6587129__340.jpg,"['Vacations', 'Architecture,', 'Port,', 'Lake,']",276,49
https://cdn.pixabay.com/photo/2022/03/16/02/03/sunflowers-7071449__340.jpg,"['Sunflowers,', 'Plant', 'Flowers,']",54,21
https://cdn.pixabay.com/photo/2022/03/28/18/41/coffee-7098126__340.jpg,"['Morning', 'Coffee,', 'Flowers,', 'Spring,']",40,10
https://cdn.pixabay.com/photo/2022/02/12/06/21/roys-peak-7008528__340.jpg,"['Wanaka,', 'Mountains', 'Lake,', 'Roys', 'Peak,']",69,19
https://cdn.pixabay.com/photo/2021/11/21/21/14/mountain-6815304__340.jpg,"['you,', 'downloads', 'and', 'likes.', 'you', 'many', 'Thank', 'everyone.', 'for']",197,0
https://cdn.pixabay.com/photo/2021/08/22/15/48/nature-6565499__340.jpg,"['Exploration', 'Outdoors,', 'Nature,', 'Beach,']",272,150
https://cdn.pixabay.com/photo/2022/03/03/11/18/nature-7045125__340.jpg,"['sunset.', 'The', 'Danish', 'Shot', 'of', 'during', 'West', 'Coast', 'Jutland.']",48,11
https://cdn.pixabay.com/photo/2022/03/16/21/01/gentoo-penguin-7073391__340.jpg,"['Gentoo', 'Bird,', 'Penguin,', 'Animal']",93,22
https://cdn.pixabay.com/photo/2021/11/26/20/45/lantern-6826698__340.jpg,"['Sea,', 'Heaven,', 'Tree', 'Water,', 'Lantern,', 'Beach,']",243,31
https://cdn.pixabay.com/photo/2022/04/03/05/03/easter-7108066__340.jpg,"['Easter', 'Bunny', 'Easter,', 'Spring,']",17,10
https://cdn.pixabay.com/photo/2018/01/14/23/12/nature-3082832__340.jpg,"['green', 'trees', 'daytime', 'formation', 'rock', 'during', 'on', 'lake', 'brown']",3098,495
https://cdn.pixabay.com/photo/2022/02/27/19/46/tourist-attraction-7037967__340.jpg,"['Tower,', 'Eiffel', 'Tourist', 'Travel', 'Attraction,']",83,21
https://cdn.pixabay.com/photo/2022/04/07/22/23/menhir-7118382__480.jpg,"['Standing', 'Stones', 'Stones,', 'Clouds,', 'Menhir,']",64,49
https://cdn.pixabay.com/photo/2022/01/13/18/05/road-6935773__340.jpg,"['Path', 'Frost,', 'Winter,', 'Snow,', 'Road,', 'Trees,']",133,24
https://cdn.pixabay.com/photo/2022/04/10/07/03/bird-7122753__340.jpg,"['Bird,', 'Woodpecker']",28,20
https://cdn.pixabay.com/photo/2021/11/25/19/50/tape-6824489__340.jpg,"['Tape,', 'Cassette,', 'Retro,', 'Music,', 'Classic']",134,20
https://cdn.pixabay.com/photo/2022/01/10/15/29/wind-mills-6928590__340.jpg,"['Power', 'Clouds,', 'Wind', 'Mills,', 'Energy,']",144,101
https://cdn.pixabay.com/photo/2022/02/15/07/27/travel-7014427__340.jpg,"['Travel,', 'Square,', 'Tourism,', 'Tartini,', 'Piran']",70,19
https://cdn.pixabay.com/photo/2022/04/11/04/33/easter-eggs-7124718__340.jpg,"['Eggs', 'Colored', 'Easter', 'Eggs,', 'Nest,']",29,0
https://cdn.pixabay.com/photo/2022/02/07/22/27/winter-7000429__340.jpg,"['Season,', 'Outdoors,', 'Winter,', 'Travel', 'Nature,']",111,24
https://cdn.pixabay.com/photo/2022/04/11/09/40/glacier-7125386__340.jpg,"['Glacier', 'Melting', 'Dying', 'Glaciers,', 'Glacier,']",36,27
https://cdn.pixabay.com/photo/2021/11/01/21/31/forest-6761846__340.jpg,"['Nature', 'Green,', 'Forest,', 'Jungle,', 'Tropical,']",135,22
https://cdn.pixabay.com/photo/2022/02/05/08/13/tulip-6994245__340.jpg,"['Bloom,', 'Tulip,', 'Blossom,', 'Petals', 'Flower,']",92,35
https://cdn.pixabay.com/photo/2022/04/07/13/06/flowers-7117461__340.jpg,"['Petals', 'Flowers,', 'Pink']",62,0
https://cdn.pixabay.com/photo/2022/02/22/03/22/passiflora-7027917__340.jpg,"['Passion', 'Flower,', 'Passiflora,', 'Flower']",97,66
https://cdn.pixabay.com/photo/2021/11/02/21/57/prayer-6764197__340.jpg,"['Faith,', 'Hope,', 'Prayer,', 'Religion,', 'Blessing']",175,57
https://cdn.pixabay.com/photo/2022/04/09/10/13/galaxy-7121195__340.jpg,"['Cosmos', 'Space,', 'Star,', 'Galaxy,', 'Universe,']",45,40
https://cdn.pixabay.com/photo/2022/03/31/09/25/dragonfly-7102558__480.jpg,"['Insect,', 'Macro', 'Nature,', 'Dragonfly,']",19,3
